BGD,ABR,Bangued,Abra
BOY,ABR,Boliney,Abra
BUY,ABR,Bucay,Abra
BCC,ABR,Bucloc,Abra
DGN,ABR,Daguioman,Abra
DLS,ABR,Danglas,Abra
DLR,ABR,Dolores,Abra
LPZ,ABR,La Paz,Abra
LCU,ABR,Lacub,Abra
LGG,ABR,Lagangilang,Abra
LYN,ABR,Lagayan,Abra
LGD,ABR,Langiden,Abra
LNB,ABR,Licuan-Baay,Abra
LUB,ABR,Luba,Abra
MLC,ABR,Malibcong,Abra
MNB,ABR,Manabo,Abra
PÑR,ABR,Peñarrubia,Abra
PDG,ABR,Pidigan,Abra
PLR,ABR,Pilar,Abra
SLD,ABR,Sallapadan,Abra
SNIS,ABR,San Isidro,Abra
SNJN,ABR,San Juan,Abra
SNQN,ABR,San Quintin,Abra
TYM,ABR,Tayum,Abra
TNG,ABR,Tineg,Abra
TBO,ABR,Tubo,Abra
VLC,ABR,Villaviciosa,Abra
BTU,AGN,Butuan,Agusan del Norte
CBD,AGN,Cabadbaran,Agusan del Norte
BNV,AGN,Buenavista,Agusan del Norte
CMN,AGN,Carmen,Agusan del Norte
JBG,AGN,Jabonga,Agusan del Norte
KTC,AGN,Kitcharao,Agusan del Norte
LNS,AGN,Las Nieves,Agusan del Norte
MGS,AGN,Magallanes,Agusan del Norte
NSP,AGN,Nasipit,Agusan del Norte
RTR,AGN,Remedios T. Romualdez,Agusan del Norte
SNT,AGN,Santiago,Agusan del Norte
TBY,AGN,Tubay,Agusan del Norte
BYG,AGS,Bayugan,Agusan del Sur
BNW,AGS,Bunawan,Agusan del Sur
ESP,AGS,Esperanza,Agusan del Sur
LPZ,AGS,La Paz,Agusan del Sur
LRT,AGS,Loreto,Agusan del Sur
PRS,AGS,Prosperidad,Agusan del Sur
RSR,AGS,Rosario,Agusan del Sur
SNFR,AGS,San Francisco,Agusan del Sur
SNLS,AGS,San Luis,Agusan del Sur
STJS,AGS,Santa Josefa,Agusan del Sur
SGT,AGS,Sibagat,Agusan del Sur
TLC,AGS,Talacogon,Agusan del Sur
TRN,AGS,Trento,Agusan del Sur
VRL,AGS,Veruela,Agusan del Sur
ALV,AKL,Altavas,Aklan
BLT,AKL,Balete,Aklan
BGA,AKL,Banga,Aklan
BAT,AKL,Batan,Aklan
BUR,AKL,Buruanga,Aklan
IBJ,AKL,Ibajay,Aklan
KLB,AKL,Kalibo,Aklan
LZO,AKL,Lezo,Aklan
LCO,AKL,Libacao,Aklan
MDG,AKL,Madalag,Aklan
MKO,AKL,Makato,Aklan
MLY,AKL,Malay,Aklan
MNO,AKL,Malinao,Aklan
NBS,AKL,Nabas,Aklan
NWWS,AKL,New Washington,Aklan
NMN,AKL,Numancia,Aklan
TNL,AKL,Tangalan,Aklan
LGZ,ALB,Legazpi,Albay
LGO,ALB,Ligao,Albay
TBC,ALB,Tabaco,Albay
BCY,ALB,Bacacay,Albay
CAM,ALB,Camalig,Albay
DRG,ALB,Daraga,Albay
GNB,ALB,Guinobatan,Albay
JVL,ALB,Jovellar,Albay
LIB,ALB,Libon,Albay
MPT,ALB,Malilipot,Albay
MNO,ALB,Malinao,Albay
MTO,ALB,Manito,Albay
OAS,ALB,Oas,Albay
PDR,ALB,Pio Duran,Albay
PGU,ALB,Polangui,Albay
RPU,ALB,Rapu-Rapu,Albay
STDM,ALB,Santo Domingo,Albay
TWI,ALB,Tiwi,Albay
ANY,ANT,Anini-y,Antique
BRZ,ANT,Barbaza,Antique
BEL,ANT,Belison,Antique
BGS,ANT,Bugasong,Antique
CLU,ANT,Caluya,Antique
CLS,ANT,Culasi,Antique
HMT,ANT,Hamtic,Antique
LAU,ANT,Laua-an,Antique
LBR,ANT,Libertad,Antique
PND,ANT,Pandan,Antique
PNO,ANT,Patnongon,Antique
SNJS,ANT,San Jose,Antique
SNRM,ANT,San Remigio,Antique
SBS,ANT,Sebaste,Antique
SBM,ANT,Sibalom,Antique
TIB,ANT,Tibiao,Antique
TFR,ANT,Tobias Fornier,Antique
VRM,ANT,Valderrama,Antique
CLN,APA,Calanasan,Apayao
CNR,APA,Conner,Apayao
FLR,APA,Flora,Apayao
KBG,APA,Kabugao,Apayao
LNA,APA,Luna,Apayao
PDT,APA,Pudtol,Apayao
SNMC,APA,Santa Marcela,Apayao
BLR,AUR,Baler,Aurora
CSG,AUR,Casiguran,Aurora
DIL,AUR,Dilasag,Aurora
DNN,AUR,Dinalungan,Aurora
DNL,AUR,Dingalan,Aurora
DPC,AUR,Dipaculao,Aurora
MAAU,AUR,Maria Aurora,Aurora
SNLS,AUR,San Luis,Aurora
ISB,BAS,Isabela,Basilan
LTN,BAS,Lamitan,Basilan
AKB,BAS,Akbar,Basilan
ABK,BAS,Al-Barka,Basilan
HMA,BAS,Hadji Mohammad Ajul,Basilan
HMH,BAS,Hadji Muhtamad,Basilan
LNT,BAS,Lantawan,Basilan
MSU,BAS,Maluso,Basilan
SMS,BAS,Sumisip,Basilan
TBU,BAS,Tabuan-Lasa,Basilan
TPO,BAS,Tipo-Tipo,Basilan
TBR,BAS,Tuburan,Basilan
UPK,BAS,Ungkaya Pukan,Basilan
BLG,BAN,Balanga,Bataan
ABC,BAN,Abucay,Bataan
BGC,BAN,Bagac,Bataan
DNP,BAN,Dinalupihan,Bataan
HRM,BAN,Hermosa,Bataan
LMY,BAN,Limay,Bataan
MRV,BAN,Mariveles,Bataan
MRN,BAN,Morong,Bataan
ORN,BAN,Orani,Bataan
ORI,BAN,Orion,Bataan
PLR,BAN,Pilar,Bataan
SML,BAN,Samal,Bataan
BSC,BTN,Basco,Batanes
ITB,BTN,Itbayat,Batanes
IVN,BTN,Ivana,Batanes
MHT,BTN,Mahatao,Batanes
SBT,BTN,Sabtang,Batanes
UYG,BTN,Uyugan,Batanes
BTG,BTG,Batangas,Batangas
LPA,BTG,Lipa,Batangas
TNU,BTG,Tanauan,Batangas
AGC,BTG,Agoncillo,Batangas
ALT,BTG,Alitagtag,Batangas
BLY,BTG,Balayan,Batangas
BLT,BTG,Balete,Batangas
BUN,BTG,Bauan,Batangas
CLC,BTG,Calaca,Batangas
CLT,BTG,Calatagan,Batangas
CNC,BTG,Cuenca,Batangas
IBN,BTG,Ibaan,Batangas
LRL,BTG,Laurel,Batangas
LMR,BTG,Lemery,Batangas
LAN,BTG,Lian,Batangas
LOB,BTG,Lobo,Batangas
MBN,BTG,Mabini,Batangas
MVR,BTG,Malvar,Batangas
MTK,BTG,Mataasnakahoy,Batangas
NSB,BTG,Nasugbu,Batangas
PGC,BTG,Padre Garcia,Batangas
RSR,BTG,Rosario,Batangas
SNJS,BTG,San Jose,Batangas
SNJN,BTG,San Juan,Batangas
SNLS,BTG,San Luis,Batangas
SNNC,BTG,San Nicolas,Batangas
SNPS,BTG,San Pascual,Batangas
SNTR,BTG,Santa Teresita,Batangas
SNTM,BTG,Santo Tomas,Batangas
TAL,BTG,Taal,Batangas
TSY,BTG,Talisay,Batangas
TSN,BTG,Taysan,Batangas
TGY,BTG,Tingloy,Batangas
TUY,BTG,Tuy,Batangas
BGU,BEN,Baguio,Benguet
ATK,BEN,Atok,Benguet
BKN,BEN,Bakun,Benguet
BKD,BEN,Bokod,Benguet
BIU,BEN,Buguias,Benguet
ITG,BEN,Itogon,Benguet
KBY,BEN,Kabayan,Benguet
KPN,BEN,Kapangan,Benguet
KBN,BEN,Kibungan,Benguet
LTR,BEN,La Trinidad,Benguet
MNK,BEN,Mankayan,Benguet
SBN,BEN,Sablan,Benguet
TBA,BEN,Tuba,Benguet
TBL,BEN,Tublay,Benguet
ALM,BIL,Almeria,Biliran
BRN,BIL,Biliran,Biliran
CBC,BIL,Cabucgayan,Biliran
CBR,BIL,Caibiran,Biliran
CUL,BIL,Culaba,Biliran
KWY,BIL,Kawayan,Biliran
MRP,BIL,Maripipi,Biliran
NVL,BIL,Naval,Biliran
TLR,BOH,Tagbilaran,Bohol
ABQ,BOH,Alburquerque,Bohol
ALC,BOH,Alicia,Bohol
AND,BOH,Anda,Bohol
ATQ,BOH,Antequera,Bohol
BCL,BOH,Baclayon,Bohol
BLL,BOH,Balilihan,Bohol
BTN,BOH,Batuan,Bohol
BIE,BOH,Bien Unido,Bohol
BIR,BOH,Bilar,Bohol
BNV,BOH,Buenavista,Bohol
CPE,BOH,Calape,Bohol
CDJ,BOH,Candijay,Bohol
CMN,BOH,Carmen,Bohol
CTG,BOH,Catigbian,Bohol
CRN,BOH,Clarin,Bohol
CLL,BOH,Corella,Bohol
CRT,BOH,Cortes,Bohol
DGH,BOH,Dagohoy,Bohol
DNO,BOH,Danao,Bohol
DAU,BOH,Dauis,Bohol
DMO,BOH,Dimiao,Bohol
DUR,BOH,Duero,Bohol
GRH,BOH,Garcia Hernandez,Bohol
GTF,BOH,Getafe,Bohol
GND,BOH,Guindulman,Bohol
INB,BOH,Inabanga,Bohol
JGN,BOH,Jagna,Bohol
LIL,BOH,Lila,Bohol
LOY,BOH,Loay,Bohol
LBC,BOH,Loboc,Bohol
LON,BOH,Loon,Bohol
MBN,BOH,Mabini,Bohol
MBJ,BOH,Maribojoc,Bohol
PLO,BOH,Panglao,Bohol
PLR,BOH,Pilar,Bohol
PCG,BOH,President Carlos P. Garcia,Bohol
SGB,BOH,Sagbayan,Bohol
SNIS,BOH,San Isidro,Bohol
SNMG,BOH,San Miguel,Bohol
SVL,BOH,Sevilla,Bohol
SRB,BOH,Sierra Bullones,Bohol
SKT,BOH,Sikatuna,Bohol
TLB,BOH,Talibon,Bohol
TRD,BOH,Trinidad,Bohol
TBG,BOH,Tubigon,Bohol
UBY,BOH,Ubay,Bohol
VLN,BOH,Valencia,Bohol
MAY,BUK,Malaybalay,Bukidnon
VLN,BUK,Valencia,Bukidnon
BGN,BUK,Baungon,Bukidnon
CBL,BUK,Cabanglasan,Bukidnon
DMU,BUK,Damulog,Bukidnon
DCG,BUK,Dangcagan,Bukidnon
DNC,BUK,Don Carlos,Bukidnon
IMP,BUK,Impasugong,Bukidnon
KDN,BUK,Kadingilan,Bukidnon
KLL,BUK,Kalilangan,Bukidnon
KBW,BUK,Kibawe,Bukidnon
KTT,BUK,Kitaotao,Bukidnon
LTP,BUK,Lantapan,Bukidnon
LBA,BUK,Libona,Bukidnon
MLT,BUK,Malitbog,Bukidnon
MFR,BUK,Manolo Fortich,Bukidnon
MRM,BUK,Maramag,Bukidnon
PTC,BUK,Pangantucan,Bukidnon
QZN,BUK,Quezon,Bukidnon
SNFN,BUK,San Fernando,Bukidnon
SMO,BUK,Sumilao,Bukidnon
TLK,BUK,Talakag,Bukidnon
MLL,BUL,Malolos,Bulacan
MYC,BUL,Meycauayan,Bulacan
SJDM,BUL,San Jose del Monte,Bulacan
AGT,BUL,Angat,Bulacan
BTS,BUL,Balagtas,Bulacan
BUA,BUL,Baliuag,Bulacan
BUE,BUL,Bocaue,Bulacan
BKA,BUL,Bulakan,Bulacan
BUS,BUL,Bustos,Bulacan
CPT,BUL,Calumpit,Bulacan
DRT,BUL,Doña Remedios Trinidad,Bulacan
GGI,BUL,Guiguinto,Bulacan
HGN,BUL,Hagonoy,Bulacan
MRL,BUL,Marilao,Bulacan
NRZ,BUL,Norzagaray,Bulacan
OBN,BUL,Obando,Bulacan
PDI,BUL,Pandi,Bulacan
PMB,BUL,Paombong,Bulacan
PRD,BUL,Plaridel,Bulacan
PUL,BUL,Pulilan,Bulacan
SNIL,BUL,San Ildefonso,Bulacan
SNMG,BUL,San Miguel,Bulacan
SNRF,BUL,San Rafael,Bulacan
STMA,BUL,Santa Maria,Bulacan
TUG,CAG,Tuguegarao,Cagayan
ABL,CAG,Abulug,Cagayan
ACL,CAG,Alcala,Cagayan
ALP,CAG,Allacapan,Cagayan
AMU,CAG,Amulung,Cagayan
APR,CAG,Aparri,Cagayan
BGG,CAG,Baggao,Cagayan
BTR,CAG,Ballesteros,Cagayan
BGY,CAG,Buguey,Cagayan
CLY,CAG,Calayan,Cagayan
CMG,CAG,Camalaniugan,Cagayan
CLR,CAG,Claveria,Cagayan
ENR,CAG,Enrile,Cagayan
GTT,CAG,Gattaran,Cagayan
GON,CAG,Gonzaga,Cagayan
IGG,CAG,Iguig,Cagayan
LLO,CAG,Lal-lo,Cagayan
LSM,CAG,Lasam,Cagayan
PMP,CAG,Pamplona,Cagayan
PÑB,CAG,Peñablanca,Cagayan
PIT,CAG,Piat,Cagayan
RZL,CAG,Rizal,Cagayan
SMR,CAG,Sanchez-Mira,Cagayan
STAN,CAG,Santa Ana,Cagayan
SNPX,CAG,Santa Praxedes,Cagayan
STTR,CAG,Santa Teresita,Cagayan
STNÑ,CAG,Santo Niño,Cagayan
SLA,CAG,Solana,Cagayan
TUA,CAG,Tuao,Cagayan
BSD,CAN,Basud,Camarines Norte
CPL,CAN,Capalonga,Camarines Norte
DET,CAN,Daet,Camarines Norte
JPN,CAN,Jose Panganiban,Camarines Norte
LAB,CAN,Labo,Camarines Norte
MRC,CAN,Mercedes,Camarines Norte
PRC,CAN,Paracale,Camarines Norte
SNLR,CAN,San Lorenzo Ruiz,Camarines Norte
SVC,CAN,San Vicente,Camarines Norte
STEL,CAN,Santa Elena,Camarines Norte
TSY,CAN,Talisay,Camarines Norte
VNZ,CAN,Vinzons,Camarines Norte
IRG,CAS,Iriga,Camarines Sur
NAG,CAS,Naga,Camarines Sur
BAA,CAS,Baao,Camarines Sur
BTA,CAS,Balatan,Camarines Sur
BTO,CAS,Bato,Camarines Sur
BMB,CAS,Bombon,Camarines Sur
BHI,CAS,Buhi,Camarines Sur
BUL,CAS,Bula,Camarines Sur
CBS,CAS,Cabusao,Camarines Sur
CAL,CAS,Calabanga,Camarines Sur
CML,CAS,Camaligan,Camarines Sur
CNM,CAS,Canaman,Camarines Sur
CMO,CAS,Caramoan,Camarines Sur
DGG,CAS,Del Gallego,Camarines Sur
GNZ,CAS,Gainza,Camarines Sur
GRC,CAS,Garchitorena,Camarines Sur
GOA,CAS,Goa,Camarines Sur
LGY,CAS,Lagonoy,Camarines Sur
LBM,CAS,Libmanan,Camarines Sur
LPI,CAS,Lupi,Camarines Sur
MRO,CAS,Magarao,Camarines Sur
MLR,CAS,Milaor,Camarines Sur
MNC,CAS,Minalabac,Camarines Sur
NBA,CAS,Nabua,Camarines Sur
OCM,CAS,Ocampo,Camarines Sur
PMP,CAS,Pamplona,Camarines Sur
PSC,CAS,Pasacao,Camarines Sur
PLI,CAS,Pili,Camarines Sur
PRT,CAS,Presentacion,Camarines Sur
RGY,CAS,Ragay,Camarines Sur
SGÑ,CAS,Sagñay,Camarines Sur
SNFN,CAS,San Fernando,Camarines Sur
SNJS,CAS,San Jose,Camarines Sur
SPC,CAS,Sipocot,Camarines Sur
SRM,CAS,Siruma,Camarines Sur
TGA,CAS,Tigaon,Camarines Sur
TNM,CAS,Tinambac,Camarines Sur
CTR,CAM,Catarman,Camiguin
GSB,CAM,Guinsiliban,Camiguin
MHN,CAM,Mahinog,Camiguin
MAJ,CAM,Mambajao,Camiguin
SGY,CAM,Sagay,Camiguin
RXS,CAP,Roxas,Capiz
CUA,CAP,Cuartero,Capiz
DAO,CAP,Dao,Capiz
DUM,CAP,Dumalag,Capiz
DMA,CAP,Dumarao,Capiz
IVS,CAP,Ivisan,Capiz
JMN,CAP,Jamindan,Capiz
MYN,CAP,Maayon,Capiz
MBS,CAP,Mambusao,Capiz
PNY,CAP,Panay,Capiz
PNT,CAP,Panitan,Capiz
PLR,CAP,Pilar,Capiz
PTV,CAP,Pontevedra,Capiz
PRX,CAP,President Roxas,Capiz
SPN,CAP,Sapian,Capiz
SGM,CAP,Sigma,Capiz
TPZ,CAP,Tapaz,Capiz
BGM,CAT,Bagamanoc,Catanduanes
BRS,CAT,Baras,Catanduanes
BTO,CAT,Bato,Catanduanes
CMR,CAT,Caramoran,Catanduanes
GGM,CAT,Gigmoto,Catanduanes
PND,CAT,Pandan,Catanduanes
PNN,CAT,Panganiban,Catanduanes
SNAD,CAT,San Andres,Catanduanes
SNMG,CAT,San Miguel,Catanduanes
VGA,CAT,Viga,Catanduanes
VRC,CAT,Virac,Catanduanes
BCR,CAV,Bacoor,Cavite
CVT,CAV,Cavite,Cavite
DSM,CAV,Dasmariñas,Cavite
GTR,CAV,General Trias,Cavite
IMS,CAV,Imus,Cavite
TGT,CAV,Tagaytay,Cavite
TMR,CAV,Trece Martires,Cavite
ALF,CAV,Alfonso,Cavite
AMD,CAV,Amadeo,Cavite
CRM,CAV,Carmona,Cavite
GMA,CAV,General Mariano Alvarez,Cavite
GEA,CAV,General Emilio Aguinaldo,Cavite
IND,CAV,Indang,Cavite
KWT,CAV,Kawit,Cavite
MGS,CAV,Magallanes,Cavite
MRD,CAV,Maragondon,Cavite
MEN,CAV,Mendez,Cavite
NAC,CAV,Naic,Cavite
NOV,CAV,Noveleta,Cavite
RSR,CAV,Rosario,Cavite
SIL,CAV,Silang,Cavite
TNZ,CAV,Tanza,Cavite
TER,CAV,Ternate,Cavite
BOG,CEB,Bogo,Cebu
CEB,CEB,Cebu ,Cebu
CRC,CEB,Carcar,Cebu
DNO,CEB,Danao,Cebu
LPU,CEB,Lapu-Lapu,Cebu
MAN,CEB,Mandaue,Cebu
NAG,CEB,Naga,Cebu
TSY,CEB,Talisay,Cebu
TLD,CEB,Toledo,Cebu
ACT,CEB,Alcantara,Cebu
ALY,CEB,Alcoy,Cebu
ALG,CEB,Alegria,Cebu
ALO,CEB,Aloguinsan,Cebu
ARG,CEB,Argao,Cebu
AST,CEB,Asturias,Cebu
BAD,CEB,Badian,Cebu
BLM,CEB,Balamban,Cebu
BTY,CEB,Bantayan,Cebu
BRL,CEB,Barili,Cebu
BLJ,CEB,Boljoon,Cebu
BRB,CEB,Borbon,Cebu
CMN,CEB,Carmen,Cebu
CTM,CEB,Catmon,Cebu
CMP,CEB,Compostela,Cebu
CNS,CEB,Consolacion,Cebu
CDB,CEB,Cordoba,Cebu
DBT,CEB,Daanbantayan,Cebu
DLT,CEB,Dalaguete,Cebu
DMJ,CEB,Dumanjug,Cebu
GNT,CEB,Ginatilan,Cebu
LLN,CEB,Liloan,Cebu
MJS,CEB,Madridejos,Cebu
MBC,CEB,Malabuyoc,Cebu
MED,CEB,Medellin,Cebu
MIN,CEB,Minglanilla,Cebu
MOA,CEB,Moalboal,Cebu
OSL,CEB,Oslob,Cebu
PLR,CEB,Pilar,Cebu
PNJ,CEB,Pinamungajan,Cebu
PRO,CEB,Poro,Cebu
RND,CEB,Ronda,Cebu
SMB,CEB,Samboan,Cebu
SNFN,CEB,San Fernando,Cebu
SNFR,CEB,San Francisco,Cebu
SNRM,CEB,San Remigio,Cebu
STFE,CEB,Santa Fe,Cebu
SDR,CEB,Santander,Cebu
SBG,CEB,Sibonga,Cebu
SOG,CEB,Sogod,Cebu
TGN,CEB,Tabogon,Cebu
TAB,CEB,Tabuelan,Cebu
TBR,CEB,Tuburan,Cebu
TDL,CEB,Tudela,Cebu
CMP,COM,Compostela,Compostela Valley
LAK,COM,Laak,Compostela Valley
MBN,COM,Mabini,Compostela Valley
MCO,COM,Maco,Compostela Valley
MRS,COM,Maragusan,Compostela Valley
MWB,COM,Mawab,Compostela Valley
MKY,COM,Monkayo,Compostela Valley
MTV,COM,Montevista,Compostela Valley
NBN,COM,Nabunturan,Compostela Valley
NBT,COM,New Bataan,Compostela Valley
PKN,COM,Pantukan,Compostela Valley
KDP,NCO,Kidapawan,Cotabato
ALD,NCO,Alamada,Cotabato
ALS,NCO,Aleosan,Cotabato
ATP,NCO,Antipas,Cotabato
ARK,NCO,Arakan,Cotabato
BIL,NCO,Banisilan,Cotabato
CMN,NCO,Carmen,Cotabato
KBC,NCO,Kabacan,Cotabato
LBU,NCO,Libungan,Cotabato
MLA,NCO,M'lang,Cotabato
MGT,NCO,Magpet,Cotabato
MKL,NCO,Makilala,Cotabato
MTL,NCO,Matalam,Cotabato
MSP,NCO,Midsayap,Cotabato
PCW,NCO,Pigcawayan,Cotabato
PK,NCO,Pikit,Cotabato
PRX,NCO,President Roxas,Cotabato
TLN,NCO,Tulunan,Cotabato
PNB,DAV,Panabo,Davao del Norte
SML,DAV,Samal,Davao del Norte
TGM,DAV,Tagum,Davao del Norte
ASU,DAV,Asuncion,Davao del Norte
BED,DAV,Braulio E. Dujali,Davao del Norte
CMN,DAV,Carmen,Davao del Norte
KPL,DAV,Kapalong,Davao del Norte
NCR,DAV,New Corella,Davao del Norte
SNIS,DAV,San Isidro,Davao del Norte
STTM,DAV,Santo Tomas,Davao del Norte
TLI,DAV,Talaingod,Davao del Norte
DVO,DAS,Davao ,Davao del Sur
DGS,DAS,Digos,Davao del Sur
BNS,DAS,Bansalan,Davao del Sur
HGN,DAS,Hagonoy,Davao del Sur
KBL,DAS,Kiblawan,Davao del Sur
MGY,DAS,Magsaysay,Davao del Sur
MAG,DAS,Malalag,Davao del Sur
MAT,DAS,Matanao,Davao del Sur
PDD,DAS,Padada,Davao del Sur
STCR,DAS,Santa Cruz,Davao del Sur
SLP,DAS,Sulop,Davao del Sur
DMC,DVC,Don Marcelino,Davao Occidental
JAS,DVC,Jose Abad Santos,Davao Occidental
MLI,DVC,Malita,Davao Occidental
STMA,DVC,Santa Maria,Davao Occidental
SRN,DVC,Sarangani,Davao Occidental
MTI,DVR,Mati,Davao Oriental
BAG,DVR,Baganga,Davao Oriental
BNB,DVR,Banaybanay,Davao Oriental
BST,DVR,Boston,Davao Oriental
CRG,DVR,Caraga,Davao Oriental
CTL,DVR,Cateel,Davao Oriental
GGN,DVR,Governor Generoso,Davao Oriental
LPN,DVR,Lupon,Davao Oriental
MNY,DVR,Manay,Davao Oriental
SNIS,DVR,San Isidro,Davao Oriental
TRR,DVR,Tarragona,Davao Oriental
BSL,DIN,Basilisa (Rizal),Dinagat Islands
CGD,DIN,Cagdianao,Dinagat Islands
DNG,DIN,Dinagat,Dinagat Islands
LBJ,DIN,Libjo (Albor),Dinagat Islands
LRT,DIN,Loreto,Dinagat Islands
SNJS,DIN,San Jose,Dinagat Islands
TBJ,DIN,Tubajon,Dinagat Islands
BOR,EAS,Borongan,Eastern Samar
ART,EAS,Arteche,Eastern Samar
BGI,EAS,Balangiga,Eastern Samar
BLK,EAS,Balangkayan,Eastern Samar
CVD,EAS,Can-avid,Eastern Samar
DLR,EAS,Dolores,Eastern Samar
GMC,EAS,General MacArthur,Eastern Samar
GPL,EAS,Giporlos,Eastern Samar
GUI,EAS,Guiuan,Eastern Samar
HRN,EAS,Hernani,Eastern Samar
JPP,EAS,Jipapad,Eastern Samar
LWN,EAS,Lawaan,Eastern Samar
LLR,EAS,Llorente,Eastern Samar
MSL,EAS,Maslog,Eastern Samar
MYD,EAS,Maydolong,Eastern Samar
MRC,EAS,Mercedes,Eastern Samar
ORS,EAS,Oras,Eastern Samar
QNP,EAS,Quinapondan,Eastern Samar
SLC,EAS,Salcedo,Eastern Samar
SNJU,EAS,San Julian,Eastern Samar
SNPO,EAS,San Policarpo,Eastern Samar
SLT,EAS,Sulat,Eastern Samar
TFT,EAS,Taft,Eastern Samar
BNV,GUI,Buenavista,Guimaras
JRD,GUI,Jordan,Guimaras
NUV,GUI,Nueva Valencia,Guimaras
SLR,GUI,San Lorenzo,Guimaras
SIB,GUI,Sibunag,Guimaras
AGU,IFU,Aguinaldo,Ifugao
ALFL,IFU,Alfonso Lista,Ifugao
ASP,IFU,Asipulo,Ifugao
BNE,IFU,Banaue,Ifugao
HNY,IFU,Hingyon,Ifugao
HUN,IFU,Hungduan,Ifugao
KIA,IFU,Kiangan,Ifugao
LGW,IFU,Lagawe,Ifugao
LMT,IFU,Lamut,Ifugao
MYY,IFU,Mayoyao,Ifugao
TNC,IFU,Tinoc,Ifugao
BTC,ILN,Batac,Ilocos Norte
LOG,ILN,Laoag,Ilocos Norte
ADM,ILN,Adams,Ilocos Norte
BAC,ILN,Bacarra,Ilocos Norte
BDC,ILN,Badoc,Ilocos Norte
BUI,ILN,Bangui,Ilocos Norte
BNN,ILN,Banna,Ilocos Norte
BRG,ILN,Burgos,Ilocos Norte
CSI,ILN,Carasi,Ilocos Norte
CRR,ILN,Currimao,Ilocos Norte
DGR,ILN,Dingras,Ilocos Norte
DLN,ILN,Dumalneg,Ilocos Norte
MCS,ILN,Marcos,Ilocos Norte
NER,ILN,Nueva Era,Ilocos Norte
PGD,ILN,Pagudpud,Ilocos Norte
PAY,ILN,Paoay,Ilocos Norte
PSQ,ILN,Pasuquin,Ilocos Norte
PID,ILN,Piddig,Ilocos Norte
PNL,ILN,Pinili,Ilocos Norte
SNNC,ILN,San Nicolas,Ilocos Norte
SRR,ILN,Sarrat,Ilocos Norte
SLS,ILN,Solsona,Ilocos Norte
VNT,ILN,Vintar,Ilocos Norte
CDN,ILS,Candon,Ilocos Sur
VGN,ILS,Vigan,Ilocos Sur
ALL,ILS,Alilem,Ilocos Sur
BNY,ILS,Banayoyo,Ilocos Sur
BAN,ILS,Bantay,Ilocos Sur
BRG,ILS,Burgos,Ilocos Sur
CBU,ILS,Cabugao,Ilocos Sur
CAO,ILS,Caoayan,Ilocos Sur
CRV,ILS,Cervantes,Ilocos Sur
GLM,ILS,Galimuyod,Ilocos Sur
GDP,ILS,Gregorio del Pilar,Ilocos Sur
LDL,ILS,Lidlidda,Ilocos Sur
MSG,ILS,Magsingal,Ilocos Sur
NGB,ILS,Nagbukel,Ilocos Sur
NRV,ILS,Narvacan,Ilocos Sur
QRN,ILS,Quirino,Ilocos Sur
SLC,ILS,Salcedo,Ilocos Sur
SNEM,ILS,San Emilio,Ilocos Sur
SNES,ILS,San Esteban,Ilocos Sur
SNIL,ILS,San Ildefonso,Ilocos Sur
SNJU,ILS,San Juan,Ilocos Sur
SNVI,ILS,San Vicente,Ilocos Sur
STA,ILS,Santa,Ilocos Sur
STCT,ILS,Santa Catalina,Ilocos Sur
STCR,ILS,Santa Cruz,Ilocos Sur
STLC,ILS,Santa Lucia,Ilocos Sur
STMA,ILS,Santa Maria,Ilocos Sur
SNT,ILS,Santiago,Ilocos Sur
STDO,ILS,Santo Domingo,Ilocos Sur
SIG,ILS,Sigay,Ilocos Sur
SIT,ILS,Sinait,Ilocos Sur
SGP,ILS,Sugpon,Ilocos Sur
SYO,ILS,Suyo,Ilocos Sur
TGD,ILS,Tagudin,Ilocos Sur
ILO,ILI,Iloilo,Iloilo
PSS,ILI,Passi,Iloilo
AJY,ILI,Ajuy,Iloilo
AMO,ILI,Alimodian,Iloilo
ANL,ILI,Anilao,Iloilo
BDN,ILI,Badiangan,Iloilo
BLS,ILI,Balasan,Iloilo
BNA,ILI,Banate,Iloilo
BVO,ILI,Barotac Nuevo,Iloilo
BRV,ILI,Barotac Viejo,Iloilo
BTD,ILI,Batad,Iloilo
BGW,ILI,Bingawan,Iloilo
CBT,ILI,Cabatuan,Iloilo
CNG,ILI,Calinog,Iloilo
CRL,ILI,Carles,Iloilo
CPN,ILI,Concepcion,Iloilo
DGL,ILI,Dingle,Iloilo
DÑS,ILI,Dueñas,Iloilo
DMG,ILI,Dumangas,Iloilo
EST,ILI,Estancia,Iloilo
GMB,ILI,Guimbal,Iloilo
IGB,ILI,Igbaras,Iloilo
JNY,ILI,Janiuay,Iloilo
LNO,ILI,Lambunao,Iloilo
LEG,ILI,Leganes,Iloilo
LMR,ILI,Lemery,Iloilo
LEN,ILI,Leon,Iloilo
MAA,ILI,Maasin,Iloilo
MGO,ILI,Miagao,Iloilo
MNA,ILI,Mina,Iloilo
NLC,ILI,New Lucena,Iloilo
OTN,ILI,Oton,Iloilo
PVA,ILI,Pavia,Iloilo
PTT,ILI,Pototan,Iloilo
SNDN,ILI,San Dionisio,Iloilo
SNEN,ILI,San Enrique,Iloilo
SNJQ,ILI,San Joaquin,Iloilo
SNMG,ILI,San Miguel,Iloilo
SNRF,ILI,San Rafael,Iloilo
STBR,ILI,Santa Barbara,Iloilo
SRA,ILI,Sara,Iloilo
TIG,ILI,Tigbauan,Iloilo
TUB,ILI,Tubungan,Iloilo
ZRG,ILI,Zarraga,Iloilo
CYN,ISA,Cauayan,Isabela
ILA,ISA,Ilagan,Isabela
STG,ISA,Santiago,Isabela
ALC,ISA,Alicia,Isabela
ANN,ISA,Angadanan,Isabela
AUR,ISA,Aurora,Isabela
BSV,ISA,Benito Soliven,Isabela
BRG,ISA,Burgos,Isabela
CBG,ISA,Cabagan,Isabela
CBT,ISA,Cabatuan,Isabela
CON,ISA,Cordon,Isabela
DAL,ISA,Delfin Albano,Isabela
DLP,ISA,Dinapigue,Isabela
DVL,ISA,Divilacan,Isabela
ECH,ISA,Echague,Isabela
GMU,ISA,Gamu,Isabela
JNS,ISA,Jones,Isabela
LNA,ISA,Luna,Isabela
MCN,ISA,Maconacon,Isabela
MLG,ISA,Mallig,Isabela
NGL,ISA,Naguilian,Isabela
PLN,ISA,Palanan,Isabela
QZN,ISA,Quezon,Isabela
QRN,ISA,Quirino,Isabela
RMN,ISA,Ramon,Isabela
RMR,ISA,Reina Mercedes,Isabela
RXS,ISA,Roxas,Isabela
SNAG,ISA,San Agustin,Isabela
SNGL,ISA,San Guillermo,Isabela
SNIS,ISA,San Isidro,Isabela
SNMN,ISA,San Manuel,Isabela
SNMR,ISA,San Mariano,Isabela
SNMT,ISA,San Mateo,Isabela
SNPB,ISA,San Pablo,Isabela
STMA,ISA,Santa Maria,Isabela
STTM,ISA,Santo Tomas,Isabela
TMN,ISA,Tumauini,Isabela
TBK,KAL,Tabuk,Kalinga
BLB,KAL,Balbalan,Kalinga
LUA,KAL,Lubuagan,Kalinga
PSL,KAL,Pasil,Kalinga
PNK,KAL,Pinukpuk,Kalinga
RZL,KAL,Rizal,Kalinga
TND,KAL,Tanudan,Kalinga
TIN,KAL,Tinglayan,Kalinga
SNFN,LUN,San Fernando,La Union
AGO,LUN,Agoo,La Union
ARN,LUN,Aringay,La Union
BOT,LUN,Bacnotan,La Union
BGL,LUN,Bagulin,La Union
BLA,LUN,Balaoan,La Union
BGR,LUN,Bangar,La Union
BAU,LUN,Bauang,La Union
BRG,LUN,Burgos,La Union
CAB,LUN,Caba,La Union
LNA,LUN,Luna,La Union
NGL,LUN,Naguilian,La Union
PGO,LUN,Pugo,La Union
RSR,LUN,Rosario,La Union
SNGB,LUN,San Gabriel,La Union
SNJN,LUN,San Juan,La Union
STTM,LUN,Santo Tomas,La Union
STL,LUN,Santol,La Union
SDP,LUN,Sudipen,La Union
TAO,LUN,Tubao,La Union
BÑN,LAG,Biñan,Laguna
CBY,LAG,Cabuyao,Laguna
CLM,LAG,Calamba,Laguna
SNPB,LAG,San Pablo,Laguna
SNPD,LAG,San Pedro,Laguna
STRS,LAG,Santa Rosa,Laguna
AMN,LAG,Alaminos,Laguna
BAY,LAG,Bay,Laguna
CLA,LAG,Calauan,Laguna
CVN,LAG,Cavinti,Laguna
FMY,LAG,Famy,Laguna
KLY,LAG,Kalayaan,Laguna
LLW,LAG,Liliw,Laguna
LBÑ,LAG,Los Baños,Laguna
LSN,LAG,Luisiana,Laguna
LUM,LAG,Lumban,Laguna
MBT,LAG,Mabitac,Laguna
MGD,LAG,Magdalena,Laguna
MJY,LAG,Majayjay,Laguna
NGC,LAG,Nagcarlan,Laguna
PTE,LAG,Paete,Laguna
PSJ,LAG,Pagsanjan,Laguna
PKL,LAG,Pakil,Laguna
PGL,LAG,Pangil,Laguna
PLA,LAG,Pila,Laguna
RZL,LAG,Rizal,Laguna
STCR,LAG,Santa Cruz,Laguna
STMA,LAG,Santa Maria,Laguna
SNL,LAG,Siniloan,Laguna
VCT,LAG,Victoria,Laguna
ILI,LAN,Iligan,Lanao del Norte
BCD,LAN,Bacolod,Lanao del Norte
BLI,LAN,Baloi,Lanao del Norte
BRY,LAN,Baroy,Lanao del Norte
KPT,LAN,Kapatagan,Lanao del Norte
KSW,LAN,Kauswagan,Lanao del Norte
KOL,LAN,Kolambugan,Lanao del Norte
LAL,LAN,Lala,Lanao del Norte
LNM,LAN,Linamon,Lanao del Norte
MSY,LAN,Magsaysay,Lanao del Norte
MIG,LAN,Maigo,Lanao del Norte
MTU,LAN,Matungao,Lanao del Norte
MNI,LAN,Munai,Lanao del Norte
NNG,LAN,Nunungan,Lanao del Norte
PRG,LAN,Pantao Ragat,Lanao del Norte
PNR,LAN,Pantar,Lanao del Norte
PPG,LAN,Poona Piagapo,Lanao del Norte
SLV,LAN,Salvador,Lanao del Norte
SPD,LAN,Sapad,Lanao del Norte
SND,LAN,Sultan Naga Dimaporo,Lanao del Norte
TGL,LAN,Tagoloan,Lanao del Norte
TGC,LAN,Tangcal,Lanao del Norte
TBD,LAN,Tubod,Lanao del Norte
MRW,LAS,Marawi,Lanao del Sur
BKL,LAS,Bacolod-Kalawi,Lanao del Sur
BBG,LAS,Balabagan,Lanao del Sur
BLD,LAS,Balindong,Lanao del Sur
BYN,LAS,Bayang,Lanao del Sur
BND,LAS,Binidayan,Lanao del Sur
BDP,LAS,Buadiposo-Buntong,Lanao del Sur
BBN,LAS,Bubong,Lanao del Sur
BBR,LAS,Bumbaran,Lanao del Sur
BTI,LAS,Butig,Lanao del Sur
CGS,LAS,Calanogas,Lanao del Sur
DTS,LAS,Ditsaan-Ramain,Lanao del Sur
GNS,LAS,Ganassi,Lanao del Sur
KPA,LAS,Kapai,Lanao del Sur
KPT,LAS,Kapatagan,Lanao del Sur
LBY,LAS,Lumba-Bayabao,Lanao del Sur
LMU,LAS,Lumbaca-Unayan,Lanao del Sur
LMB,LAS,Lumbatan,Lanao del Sur
LYG,LAS,Lumbayanague,Lanao del Sur
MDM,LAS,Madalum,Lanao del Sur
MDB,LAS,Madamba,Lanao del Sur
MGN,LAS,Maguing,Lanao del Sur
MAL,LAS,Malabang,Lanao del Sur
MRT,LAS,Marantao,Lanao del Sur
MRG,LAS,Marogong,Lanao del Sur
MSI,LAS,Masiu,Lanao del Sur
MLD,LAS,Mulondo,Lanao del Sur
PGY,LAS,Pagayawan,Lanao del Sur
PGP,LAS,Piagapo,Lanao del Sur
POO,LAS,Poona Bayabao,Lanao del Sur
PUA,LAS,Pualas,Lanao del Sur
SGR,LAS,Saguiaran,Lanao del Sur
SDM,LAS,Sultan Dumalondong,Lanao del Sur
PCN,LAS,Picong,Lanao del Sur
TGII,LAS,Tagoloan II,Lanao del Sur
TPR,LAS,Tamparan,Lanao del Sur
TRK,LAS,Taraka,Lanao del Sur
TBR,LAS,Tubaran,Lanao del Sur
TYA,LAS,Tugaya,Lanao del Sur
WAO,LAS,Wao,Lanao del Sur
BBY,LEY,Baybay,Leyte
ORM,LEY,Ormoc ,Leyte
TCL,LEY,Tacloban,Leyte
ABY,LEY,Abuyog,Leyte
ALN,LEY,Alangalang,Leyte
ALR,LEY,Albuera,Leyte
BBT,LEY,Babatngon,Leyte
BRU,LEY,Barugo,Leyte
BTO,LEY,Bato,Leyte
BRA,LEY,Burauen,Leyte
CLB,LEY,Calubian,Leyte
CPC,LEY,Capoocan,Leyte
CRI,LEY,Carigara,Leyte
DGM,LEY,Dagami,Leyte
DLG,LEY,Dulag,Leyte
HLN,LEY,Hilongos,Leyte
HND,LEY,Hindang,Leyte
INP,LEY,Inopacan,Leyte
ISL,LEY,Isabel,Leyte
JAR,LEY,Jaro,Leyte
JVR,LEY,Javier,Leyte
JLT,LEY,Julita,Leyte
KNN,LEY,Kananga,Leyte
LPZ,LEY,La Paz,Leyte
LYT,LEY,Leyte,Leyte
MCAR,LEY,MacArthur,Leyte
MHP,LEY,Mahaplag,Leyte
MOB,LEY,Matag-ob,Leyte
MTM,LEY,Matalom,Leyte
MYR,LEY,Mayorga,Leyte
MER,LEY,Merida,Leyte
PAL,LEY,Palo,Leyte
PLM,LEY,Palompon,Leyte
PST,LEY,Pastrana,Leyte
SNIS,LEY,San Isidro,Leyte
SNMG,LEY,San Miguel,Leyte
STFE,LEY,Santa Fe,Leyte
TNO,LEY,Tabango,Leyte
TBT,LEY,Tabontabon,Leyte
TNN,LEY,Tanauan,Leyte
TLS,LEY,Tolosa,Leyte
TUN,LEY,Tunga,Leyte
VLB,LEY,Villaba,Leyte
COT,MAG,Cotabato,Maguindanao
AMP,MAG,Ampatuan,Maguindanao
BRR,MAG,Barira,Maguindanao
BLD,MAG,Buldon,Maguindanao
BUL,MAG,Buluan,Maguindanao
DSK,MAG,Datu Abdullah Sangki,Maguindanao
DAM,MAG,Datu Anggal Midtimbang,Maguindanao
DBS,MAG,Datu Blah T. Sinsuat,Maguindanao
DHA,MAG,Datu Hoffer Ampatuan,Maguindanao
DMW,MAG,Datu Montawal,Maguindanao
DOS,MAG,Datu Odin Sinsuat,Maguindanao
DPG,MAG,Datu Paglas,Maguindanao
DPN,MAG,Datu Piang,Maguindanao
DSB,MAG,Datu Salibo,Maguindanao
DSA,MAG,Datu Saudi-Ampatuan,Maguindanao
DUN,MAG,Datu Unsay,Maguindanao
GSP,MAG,General Salipada K. Pendatun,Maguindanao
GNL,MAG,Guindulungan,Maguindanao
KBT,MAG,Kabuntalan,Maguindanao
MMS,MAG,Mamasapano,Maguindanao
MDD,MAG,Mangudadatu,Maguindanao
MTN,MAG,Matanog,Maguindanao
NKB,MAG,Northern Kabuntalan,Maguindanao
PAG,MAG,Pagalungan,Maguindanao
PLT,MAG,Paglat,Maguindanao
PNG,MAG,Pandag,Maguindanao
PAR,MAG,Parang,Maguindanao
RBY,MAG,Rajah Buayan,Maguindanao
SAG,MAG,Shariff Aguak,Maguindanao
SSM,MAG,Shariff Saydona Mustapha,Maguindanao
SUP,MAG,South Upi,Maguindanao
SKD,MAG,Sultan Kudarat,Maguindanao
SMT,MAG,Sultan Mastura,Maguindanao
SBR,MAG,Sultan sa Barongis,Maguindanao
SSK,MAG,Sultan Sumagka,Maguindanao
TLY,MAG,Talayan,Maguindanao
UPI,MAG,Upi,Maguindanao
BOC,MAD,Boac,Marinduque
BNV,MAD,Buenavista,Marinduque
GSN,MAD,Gasan,Marinduque
MGP,MAD,Mogpog,Marinduque
STCR,MAD,Santa Cruz,Marinduque
TRJ,MAD,Torrijos,Marinduque
MSB,MAS,Masbate,Masbate
ARR,MAS,Aroroy,Masbate
BAL,MAS,Baleno,Masbate
BLU,MAS,Balud,Masbate
BTN,MAS,Batuan,Masbate
CTN,MAS,Cataingan,Masbate
CWY,MAS,Cawayan,Masbate
CLR,MAS,Claveria,Masbate
DMS,MAS,Dimasalang,Masbate
ESP,MAS,Esperanza,Masbate
MDO,MAS,Mandaon,Masbate
MGR,MAS,Milagros,Masbate
MBO,MAS,Mobo,Masbate
MNR,MAS,Monreal,Masbate
PLS,MAS,Palanas,Masbate
PVC,MAS,Pio V. Corpuz,Masbate
PLC,MAS,Placer,Masbate
SNFN,MAS,San Fernando,Masbate
SNJC,MAS,San Jacinto,Masbate
SNPS,MAS,San Pascual,Masbate
USN,MAS,Uson,Masbate
MNL,MMN,Manila,Metro Manila
CLO,MMN,Caloocan,Metro Manila
LPÑ,MMN,Las Piñas,Metro Manila
MKT,MMN,Makati,Metro Manila
MLB,MMN,Malabon,Metro Manila
MDY,MMN,Mandaluyong,Metro Manila
MRK,MMN,Marikina,Metro Manila
MTP,MMN,Muntinlupa,Metro Manila
NVT,MMN,Navotas,Metro Manila
PRÑ,MMN,Parañaque,Metro Manila
PSY,MMN,Pasay,Metro Manila
PSG,MMN,Pasig,Metro Manila
QZN,MMN,Quezon,Metro Manila
SNJN,MMN,San Juan,Metro Manila
TGG,MMN,Taguig,Metro Manila
VLZ,MMN,Valenzuela,Metro Manila
PTR,MMN,Pateros,Metro Manila
ORQ,MSC,Oroquieta,Misamis Occidental
OZM,MSC,Ozamiz,Misamis Occidental
TNB,MSC,Tangub,Misamis Occidental
ALR,MSC,Aloran,Misamis Occidental
BAL,MSC,Baliangao,Misamis Occidental
BNF,MSC,Bonifacio,Misamis Occidental
CLM,MSC,Calamba,Misamis Occidental
CRN,MSC,Clarin,Misamis Occidental
CPN,MSC,Concepcion,Misamis Occidental
DVC,MSC,Don Victoriano Chiongbian,Misamis Occidental
JNZ,MSC,Jimenez,Misamis Occidental
LJA,MSC,Lopez Jaena,Misamis Occidental
PNA,MSC,Panaon,Misamis Occidental
PRD,MSC,Plaridel,Misamis Occidental
SDL,MSC,Sapang Dalaga,Misamis Occidental
SNC,MSC,Sinacaban,Misamis Occidental
TDL,MSC,Tudela,Misamis Occidental
CDO,MSR,Cagayan de Oro ,Misamis Oriental
ESL,MSR,El Salvador,Misamis Oriental
GNG,MSR,Gingoog,Misamis Oriental
ALJ,MSR,Alubijid,Misamis Oriental
BSG,MSR,Balingasag,Misamis Oriental
BOA,MSR,Balingoan,Misamis Oriental
BIN,MSR,Binuangan,Misamis Oriental
CLR,MSR,Claveria,Misamis Oriental
GTG,MSR,Gitagum,Misamis Oriental
INT,MSR,Initao,Misamis Oriental
JSN,MSR,Jasaan,Misamis Oriental
KIN,MSR,Kinoguitan,Misamis Oriental
LGN,MSR,Lagonglong,Misamis Oriental
LGU,MSR,Laguindingan,Misamis Oriental
LBR,MSR,Libertad,Misamis Oriental
LGT,MSR,Lugait,Misamis Oriental
MSY,MSR,Magsaysay,Misamis Oriental
MTC,MSR,Manticao,Misamis Oriental
MDN,MSR,Medina,Misamis Oriental
NWN,MSR,Naawan,Misamis Oriental
OPL,MSR,Opol,Misamis Oriental
SLY,MSR,Salay,Misamis Oriental
SUG,MSR,Sugbongcogon,Misamis Oriental
TGL,MSR,Tagoloan,Misamis Oriental
TYN,MSR,Talisayan,Misamis Oriental
VLV,MSR,Villanueva,Misamis Oriental
BAR,MOU,Barlig,Mountain Province
BKO,MOU,Bauko,Mountain Province
BSO,MOU,Besao,Mountain Province
BNC,MOU,Bontoc,Mountain Province
NTN,MOU,Natonin,Mountain Province
PCS,MOU,Paracelis,Mountain Province
SAB,MOU,Sabangan,Mountain Province
SDN,MOU,Sadanga,Mountain Province
SGD,MOU,Sagada,Mountain Province
TDN,MOU,Tadian,Mountain Province
BCD,NEC,Bacolod,Negros Occidental
BGO,NEC,Bago,Negros Occidental
CDZ,NEC,Cadiz,Negros Occidental
ASC,NEC,Escalante,Negros Occidental
HMM,NEC,Himamaylan,Negros Occidental
KBK,NEC,Kabankalan,Negros Occidental
LCR,NEC,La Carlota,Negros Occidental
SGY,NEC,Sagay,Negros Occidental
SNCR,NEC,San Carlos,Negros Occidental
SLY,NEC,Silay,Negros Occidental
SPL,NEC,Sipalay,Negros Occidental
TLS,NEC,Talisay,Negros Occidental
VTS,NEC,Victorias,Negros Occidental
BNL,NEC,Binalbagan,Negros Occidental
CLV,NEC,Calatrava,Negros Occidental
CND,NEC,Candoni,Negros Occidental
CYN,NEC,Cauayan,Negros Occidental
EBM,NEC,Enrique B. Magalona,Negros Occidental
HNG,NEC,Hinigaran,Negros Occidental
HNO,NEC,Hinoba-an,Negros Occidental
ILG,NEC,Ilog,Negros Occidental
ISB,NEC,Isabela,Negros Occidental
LCS,NEC,La Castellana,Negros Occidental
MNP,NEC,Manapla,Negros Occidental
MOI,NEC,Moises Padilla,Negros Occidental
MUR,NEC,Murcia,Negros Occidental
PTV,NEC,Pontevedra,Negros Occidental
PUN,NEC,Pulupandan,Negros Occidental
SVB,NEC,Salvador Benedicto,Negros Occidental
SNEN,NEC,San Enrique,Negros Occidental
TBS,NEC,Toboso,Negros Occidental
VAL,NEC,Valladolid,Negros Occidental
BAS,NER,Bais,Negros Oriental
BYW,NER,Bayawan,Negros Oriental
CNL,NER,Canlaon,Negros Oriental
GHL,NER,Guihulngan,Negros Oriental
DGT,NER,Dumaguete,Negros Oriental
TNJ,NER,Tanjay,Negros Oriental
AML,NER,Amlan,Negros Oriental
AYN,NER,Ayungon,Negros Oriental
BCN,NER,Bacong,Negros Oriental
BSY,NER,Basay,Negros Oriental
BND,NER,Bindoy,Negros Oriental
DIN,NER,Dauin,Negros Oriental
JML,NER,Jimalalud,Negros Oriental
LLB,NER,La Libertad,Negros Oriental
MBY,NER,Mabinay,Negros Oriental
MNJ,NER,Manjuyod,Negros Oriental
PMP,NER,Pamplona,Negros Oriental
SNJS,NER,San Jose,Negros Oriental
STCT,NER,Santa Catalina,Negros Oriental
STN,NER,Siaton,Negros Oriental
SBL,NER,Sibulan,Negros Oriental
TYS,NER,Tayasan,Negros Oriental
VLN,NER,Valencia,Negros Oriental
VLH,NER,Vallehermoso,Negros Oriental
ZMA,NER,Zamboanguita,Negros Oriental
ALE,NSA,Allen,Northern Samar
BRI,NSA,Biri,Northern Samar
BOB,NSA,Bobon,Northern Samar
CAP,NSA,Capul,Northern Samar
CTR,NSA,Catarman,Northern Samar
CTB,NSA,Catubig,Northern Samar
GMY,NSA,Gamay,Northern Samar
LAO,NSA,Laoang,Northern Samar
LPG,NSA,Lapinig,Northern Samar
LNV,NSA,Las Navas,Northern Samar
LVZ,NSA,Lavezares,Northern Samar
LDV,NSA,Lope de Vega,Northern Samar
MPS,NSA,Mapanas,Northern Samar
MND,NSA,Mondragon,Northern Samar
PLP,NSA,Palapag,Northern Samar
PBJ,NSA,Pambujan,Northern Samar
RSR,NSA,Rosario,Northern Samar
SNAT,NSA,San Antonio,Northern Samar
SNIS,NSA,San Isidro,Northern Samar
SNJS,NSA,San Jose,Northern Samar
SNRQ,NSA,San Roque,Northern Samar
SNVC,NSA,San Vicente,Northern Samar
SLB,NSA,Silvino Lobos,Northern Samar
VCT,NSA,Victoria,Northern Samar
CTU,NUE,Cabanatuan ,Nueva Ecija
GPN,NUE,Gapan,Nueva Ecija
PLY,NUE,Palayan,Nueva Ecija
SNJS,NUE,San Jose,Nueva Ecija
MÑZ,NUE,Muñoz,Nueva Ecija
ALI,NUE,Aliaga,Nueva Ecija
BNG,NUE,Bongabon,Nueva Ecija
CBO,NUE,Cabiao,Nueva Ecija
CAR,NUE,Carranglan,Nueva Ecija
CYP,NUE,Cuyapo,Nueva Ecija
GBL,NUE,Gabaldon,Nueva Ecija
GMN,NUE,General Mamerto Natividad,Nueva Ecija
GTN,NUE,General Tinio,Nueva Ecija
GBA,NUE,Guimba,Nueva Ecija
JAN,NUE,Jaen,Nueva Ecija
LAR,NUE,Laur,Nueva Ecija
LIC,NUE,Licab,Nueva Ecija
LLA,NUE,Llanera,Nueva Ecija
LPO,NUE,Lupao,Nueva Ecija
NMP,NUE,Nampicuan,Nueva Ecija
PTB,NUE,Pantabangan,Nueva Ecija
PÑD,NUE,Peñaranda,Nueva Ecija
QZN,NUE,Quezon,Nueva Ecija
RZL,NUE,Rizal,Nueva Ecija
SNAT,NUE,San Antonio,Nueva Ecija
SNIS,NUE,San Isidro,Nueva Ecija
SNLN,NUE,San Leonardo,Nueva Ecija
STRS,NUE,Santa Rosa,Nueva Ecija
STM,NUE,Santo Domingo,Nueva Ecija
TLV,NUE,Talavera,Nueva Ecija
TLG,NUE,Talugtug,Nueva Ecija
ZRZ,NUE,Zaragoza,Nueva Ecija
ACS,NUV,Alfonso Castaneda,Nueva Vizcaya
AMB,NUV,Ambaguio,Nueva Vizcaya
ARI,NUV,Aritao,Nueva Vizcaya
BGB,NUV,Bagabag,Nueva Vizcaya
BMG,NUV,Bambang,Nueva Vizcaya
BYM,NUV,Bayombong,Nueva Vizcaya
DDI,NUV,Diadi,Nueva Vizcaya
DDN,NUV,Dupax del Norte,Nueva Vizcaya
DDS,NUV,Dupax del Sur,Nueva Vizcaya
KSB,NUV,Kasibu,Nueva Vizcaya
KYP,NUV,Kayapa,Nueva Vizcaya
QZN,NUV,Quezon,Nueva Vizcaya
STFE,NUV,Santa Fe,Nueva Vizcaya
SLO,NUV,Solano,Nueva Vizcaya
VLD,NUV,Villaverde,Nueva Vizcaya
ADI,MDC,Abra de Ilog,Occidental Mindoro
CTA,MDC,Calintaan,Occidental Mindoro
LOC,MDC,Looc,Occidental Mindoro
LUG,MDC,Lubang,Occidental Mindoro
MYS,MDC,Magsaysay,Occidental Mindoro
MBR,MDC,Mamburao,Occidental Mindoro
PLU,MDC,Paluan,Occidental Mindoro
RZL,MDC,Rizal,Occidental Mindoro
SBY,MDC,Sablayan,Occidental Mindoro
SNJS,MDC,San Jose,Occidental Mindoro
STCR,MDC,Santa Cruz,Occidental Mindoro
CLP,MDR,Calapan,Oriental Mindoro
BCO,MDR,Baco,Oriental Mindoro
BUD,MDR,Bansud,Oriental Mindoro
BOO,MDR,Bongabong,Oriental Mindoro
BLC,MDR,Bulalacao,Oriental Mindoro
GLR,MDR,Gloria,Oriental Mindoro
MNS,MDR,Mansalay,Oriental Mindoro
NJN,MDR,Naujan,Oriental Mindoro
PNM,MDR,Pinamalayan,Oriental Mindoro
POL,MDR,Pola,Oriental Mindoro
PUG,MDR,Puerto Galera,Oriental Mindoro
RXS,MDR,Roxas,Oriental Mindoro
SNTD,MDR,San Teodoro,Oriental Mindoro
SCR,MDR,Socorro,Oriental Mindoro
VCT,MDR,Victoria,Oriental Mindoro
PPR,PLW,Puerto Princesa,Palawan
ABR,PLW,Aborlan,Palawan
AGY,PLW,Agutaya,Palawan
ARC,PLW,Araceli,Palawan
BBC,PLW,Balabac,Palawan
BTZ,PLW,Bataraza,Palawan
BRK,PLW,Brooke's Point,Palawan
BSA,PLW,Busuanga,Palawan
CGC,PLW,Cagayancillo,Palawan
COR,PLW,Coron,Palawan
CLI,PLW,Culion,Palawan
CYO,PLW,Cuyo,Palawan
DMR,PLW,Dumaran,Palawan
END,PLW,El Nido,Palawan
KLY,PLW,Kalayaan,Palawan
LNP,PLW,Linapacan,Palawan
MGY,PLW,Magsaysay,Palawan
NRA,PLW,Narra,Palawan
QZN,PLW,Quezon,Palawan
RZL,PLW,Rizal,Palawan
RXS,PLW,Roxas,Palawan
SNVC,PLW,San Vicente,Palawan
SFR,PLW,Sofronio Española,Palawan
TYT,PLW,Taytay,Palawan
AGS,PAM,Angeles,Pampanga
SNFN,PAM,San Fernando,Pampanga
MBL,PAM,Mabalacat,Pampanga
APL,PAM,Apalit,Pampanga
ARY,PAM,Arayat,Pampanga
BCR,PAM,Bacolor,Pampanga
CAN,PAM,Candaba,Pampanga
FRB,PAM,Floridablanca,Pampanga
GGA,PAM,Guagua,Pampanga
LBO,PAM,Lubao,Pampanga
MCB,PAM,Macabebe,Pampanga
MGL,PAM,Magalang,Pampanga
MAS,PAM,Masantol,Pampanga
MXC,PAM,Mexico,Pampanga
MNL,PAM,Minalin,Pampanga
POR,PAM,Porac,Pampanga
SNLU,PAM,San Luis,Pampanga
SNSM,PAM,San Simon,Pampanga
STAN,PAM,Santa Ana,Pampanga
STRT,PAM,Santa Rita,Pampanga
STTM,PAM,Santo Tomas,Pampanga
SAS,PAM,Sasmuan,Pampanga
AMN,PAN,Alaminos,Pangasinan
DGP,PAN,Dagupan,Pangasinan
SNCR,PAN,San Carlos,Pangasinan
URD,PAN,Urdaneta,Pangasinan
AGN,PAN,Agno,Pangasinan
AGL,PAN,Aguilar,Pangasinan
ACL,PAN,Alcala,Pangasinan
AND,PAN,Anda,Pangasinan
ASN,PAN,Asingan,Pangasinan
BAO,PAN,Balungao,Pangasinan
BNI,PAN,Bani,Pangasinan
BSS,PAN,Basista,Pangasinan
BUT,PAN,Bautista,Pangasinan
BYA,PAN,Bayambang,Pangasinan
BLO,PAN,Binalonan,Pangasinan
BNM,PAN,Binmaley,Pangasinan
BOL,PAN,Bolinao,Pangasinan
BUG,PAN,Bugallon,Pangasinan
BRG,PAN,Burgos,Pangasinan
CSO,PAN,Calasiao,Pangasinan
DAS,PAN,Dasol,Pangasinan
INF,PAN,Infanta,Pangasinan
LDR,PAN,Labrador,Pangasinan
LAC,PAN,Laoac,Pangasinan
LIN,PAN,Lingayen,Pangasinan
MBN,PAN,Mabini,Pangasinan
MSQ,PAN,Malasiqui,Pangasinan
MAO,PAN,Manaoag,Pangasinan
MNG,PAN,Mangaldan,Pangasinan
MTR,PAN,Mangatarem,Pangasinan
MPD,PAN,Mapandan,Pangasinan
NTV,PAN,Natividad,Pangasinan
PZR,PAN,Pozzorubio,Pangasinan
RSL,PAN,Rosales,Pangasinan
SNFB,PAN,San Fabian,Pangasinan
SBJC,PAN,San Jacinto,Pangasinan
SNMN,PAN,San Manuel,Pangasinan
SNNC,PAN,San Nicolas,Pangasinan
SNQN,PAN,San Quintin,Pangasinan
STBR,PAN,Santa Barbara,Pangasinan
STMA,PAN,Santa Maria,Pangasinan
STTM,PAN,Santo Tomas,Pangasinan
SSN,PAN,Sison,Pangasinan
SUL,PAN,Sual,Pangasinan
TYG,PAN,Tayug,Pangasinan
UMN,PAN,Umingan,Pangasinan
URB,PAN,Urbiztondo,Pangasinan
VLS,PAN,Villasis,Pangasinan
LCN,QUE,Lucena,Quezon
TYB,QUE,Tayabas,Quezon
AGD,QUE,Agdangan,Quezon
ABT,QUE,Alabat,Quezon
ATM,QUE,Atimonan,Quezon
BNV,QUE,Buenavista,Quezon
BRD,QUE,Burdeos,Quezon
CLG,QUE,Calauag,Quezon
CND,QUE,Candelaria,Quezon
CTN,QUE,Catanauan,Quezon
DLR,QUE,Dolores,Quezon
GEN,QUE,General Luna,Quezon
GNK,QUE,General Nakar,Quezon
GNY,QUE,Guinayangan,Quezon
GUM,QUE,Gumaca,Quezon
INF,QUE,Infanta,Quezon
JOM,QUE,Jomalig,Quezon
LPE,QUE,Lopez,Quezon
LCB,QUE,Lucban,Quezon
MCL,QUE,Macalelon,Quezon
MAU,QUE,Mauban,Quezon
MLN,QUE,Mulanay,Quezon
PBR,QUE,Padre Burgos,Quezon
PGB,QUE,Pagbilao,Quezon
PKU,QUE,Panukulan,Quezon
PTN,QUE,Patnanungan,Quezon
PRZ,QUE,Perez,Quezon
PTG,QUE,Pitogo,Quezon
PRD,QUE,Plaridel,Quezon
PLL,QUE,Polillo,Quezon
QZN,QUE,Quezon,Quezon
REL,QUE,Real,Quezon
SMP,QUE,Sampaloc,Quezon
SNAD,QUE,San Andres,Quezon
SNAT,QUE,San Antonio,Quezon
SNFR,QUE,San Francisco,Quezon
SNNR,QUE,San Narciso,Quezon
SRY,QUE,Sariaya,Quezon
TGK,QUE,Tagkawayan,Quezon
TOG,QUE,Tiaong,Quezon
UNS,QUE,Unisan,Quezon
AGP,QUI,Aglipay,Quirino
CGU,QUI,Cabarroguis,Quirino
DFN,QUI,Diffun,Quirino
MDL,QUI,Maddela,Quirino
NGT,QUI,Nagtipunan,Quirino
SDY,QUI,Saguday,Quirino
ANT,RIZ,Antipolo,Rizal
ANG,RIZ,Angono,Rizal
BRS,RIZ,Baras,Rizal
BNO,RIZ,Binangonan,Rizal
CAI,RIZ,Cainta,Rizal
CRD,RIZ,Cardona,Rizal
JLJ,RIZ,Jalajala,Rizal
MRN,RIZ,Morong,Rizal
PIL,RIZ,Pililla,Rizal
RDR,RIZ,Rodriguez,Rizal
SNMT,RIZ,San Mateo,Rizal
TNY,RIZ,Tanay,Rizal
TYT,RIZ,Taytay,Rizal
TRS,RIZ,Teresa,Rizal
ACT,ROM,Alcantara,Romblon
BNT,ROM,Banton,Romblon
CJD,ROM,Cajidiocan,Romblon
CLV,ROM,Calatrava,Romblon
CCP,ROM,Concepcion,Romblon
CCR,ROM,Corcuera,Romblon
FRL,ROM,Ferrol,Romblon
LOC,ROM,Looc,Romblon
MDW,ROM,Magdiwang,Romblon
ODN,ROM,Odiongan,Romblon
RMB,ROM,Romblon,Romblon
SNAG,ROM,San Agustin,Romblon
SNAD,ROM,San Andres,Romblon
SNFN,ROM,San Fernando,Romblon
SNJS,ROM,San Jose,Romblon
STFE,ROM,Santa Fe,Romblon
STMA,ROM,Santa Maria,Romblon
CYG,WSA,Calbayog,Samar
CAT,WSA,Catbalogan,Samar
AMG,WSA,Almagro,Samar
BSE,WSA,Basey,Samar
CBI,WSA,Calbiga,Samar
DRM,WSA,Daram,Samar
GDR,WSA,Gandara,Samar
HNB,WSA,Hinabangan,Samar
JIA,WSA,Jiabong,Samar
MRB,WSA,Marabut,Samar
MTG,WSA,Matuguinao,Samar
MOT,WSA,Motiong,Samar
PGS,WSA,Pagsanghan,Samar
PNS,WSA,Paranas,Samar
PIN,WSA,Pinabacdao,Samar
SNJR,WSA,San Jorge,Samar
SNJB,WSA,San Jose de Buan,Samar
SNSB,WSA,San Sebastian,Samar
STMR,WSA,Santa Margarita,Samar
STRT,WSA,Santa Rita,Samar
STNÑ,WSA,Santo Niño,Samar
TGP,WSA,Tagapul-an,Samar
TLL,WSA,Talalora,Samar
TRG,WSA,Tarangnan,Samar
VLR,WSA,Villareal,Samar
ZMR,WSA,Zumarraga,Samar
ALB,SAR,Alabel,Sarangani
GLN,SAR,Glan,Sarangani
KMB,SAR,Kiamba,Sarangani
MSM,SAR,Maasim,Sarangani
MAI,SAR,Maitum,Sarangani
MLP,SAR,Malapatan,Sarangani
MLU,SAR,Malungon,Sarangani
ENV,SIG,Enrique Villanueva,Siquijor
LRN,SIG,Larena,Siquijor
LZI,SIG,Lazi,Siquijor
MRA,SIG,Maria,Siquijor
SNJN,SIG,San Juan,Siquijor
SQJ,SIG,Siquijor,Siquijor
SRS,SOR,Sorsogon,Sorsogon
BRC,SOR,Barcelona,Sorsogon
BLN,SOR,Bulan,Sorsogon
BSN,SOR,Bulusan,Sorsogon
CSG,SOR,Casiguran,Sorsogon
CST,SOR,Castilla,Sorsogon
DSL,SOR,Donsol,Sorsogon
GBT,SOR,Gubat,Sorsogon
IRS,SOR,Irosin,Sorsogon
JBN,SOR,Juban,Sorsogon
MGL,SOR,Magallanes,Sorsogon
MTN,SOR,Matnog,Sorsogon
PLR,SOR,Pilar,Sorsogon
PDZ,SOR,Prieto Diaz,Sorsogon
STMG,SOR,Santa Magdalena,Sorsogon
SCT,SCO,South Cotabato,South Cotabato
GNS,SCO,GenSan,South Cotabato
KRN,SCO,Koronadal,South Cotabato
BGA,SCO,Banga,South Cotabato
LSB,SCO,Lake Sebu,South Cotabato
NRL,SCO,Norala,South Cotabato
PMK,SCO,Polomolok,South Cotabato
STNÑ,SCO,Santo Niño,South Cotabato
SRL,SCO,Surallah,South Cotabato
TBI,SCO,T'boli,South Cotabato
TMP,SCO,Tampakan,South Cotabato
TNT,SCO,Tantangan,South Cotabato
TPI,SCO,Tupi,South Cotabato
MAA,SLE,Maasin,Southern Leyte
ANH,SLE,Anahawan,Southern Leyte
BTC,SLE,Bontoc,Southern Leyte
HNN,SLE,Hinunangan,Southern Leyte
HIN,SLE,Hinundayan,Southern Leyte
LBG,SLE,Libagon,Southern Leyte
LLN,SLE,Liloan,Southern Leyte
LMS,SLE,Limasawa,Southern Leyte
MCH,SLE,Macrohon,Southern Leyte
MLT,SLE,Malitbog,Southern Leyte
PBR,SLE,Padre Burgos,Southern Leyte
PTY,SLE,Pintuyan,Southern Leyte
SBR,SLE,Saint Bernard,Southern Leyte
SNFR,SLE,San Francisco,Southern Leyte
SNJN,SLE,San Juan,Southern Leyte
SNRC,SLE,San Ricardo,Southern Leyte
SLG,SLE,Silago,Southern Leyte
SOG,SLE,Sogod,Southern Leyte
TOP,SLE,Tomas Oppus,Southern Leyte
TCR,SUK,Tacurong,Sultan Kudarat
BUM,SUK,Bagumbayan,Sultan Kudarat
CUM,SUK,Columbio,Sultan Kudarat
ESP,SUK,Esperanza,Sultan Kudarat
ISU,SUK,Isulan,Sultan Kudarat
KLM,SUK,Kalamansig,Sultan Kudarat
LAM,SUK,Lambayong,Sultan Kudarat
LBK,SUK,Lebak,Sultan Kudarat
LTY,SUK,Lutayan,Sultan Kudarat
PLB,SUK,Palimbang,Sultan Kudarat
PQR,SUK,President Quirino,Sultan Kudarat
SNA,SUK,Senator Ninoy Aquino,Sultan Kudarat
BNU,SLU,Banguingui,Sulu
HPT,SLU,Hadji Panglima Tahil,Sulu
IDN,SLU,Indanan,Sulu
JLO,SLU,Jolo,Sulu
KCL,SLU,Kalingalan Caluang,Sulu
LGS,SLU,Lugus,Sulu
LUK,SLU,Luuk,Sulu
MBG,SLU,Maimbung,Sulu
OPN,SLU,Old Panamao,Sulu
OMR,SLU,Omar,Sulu
PDM,SLU,Pandami,Sulu
PES,SLU,Panglima Estino,Sulu
PGT,SLU,Pangutaran,Sulu
PRN,SLU,Parang,Sulu
PTA,SLU,Pata,Sulu
PTK,SLU,Patikul,Sulu
SSI,SLU,Siasi,Sulu
TLP,SLU,Talipao,Sulu
TPL,SLU,Tapul,Sulu
SRG,SUN,Surigao,Surigao del Norte
ALG,SUN,Alegria,Surigao del Norte
BCG,SUN,Bacuag,Surigao del Norte
BRG,SUN,Burgos,Surigao del Norte
CVR,SUN,Claver,Surigao del Norte
DPA,SUN,Dapa,Surigao del Norte
DCR,SUN,Del Carmen,Surigao del Norte
GEN,SUN,General Luna,Surigao del Norte
GGQ,SUN,Gigaquit,Surigao del Norte
MNT,SUN,Mainit,Surigao del Norte
MLM,SUN,Malimono,Surigao del Norte
PLR,SUN,Pilar,Surigao del Norte
PLC,SUN,Placer,Surigao del Norte
SNBN,SUN,San Benito,Surigao del Norte
SNFR,SUN,San Francisco,Surigao del Norte
SNIS,SUN,San Isidro,Surigao del Norte
STMN,SUN,Santa Monica,Surigao del Norte
SSN,SUN,Sison,Surigao del Norte
SCR,SUN,Socorro,Surigao del Norte
TAN,SUN,Tagana-an,Surigao del Norte
TBD,SUN,Tubod,Surigao del Norte
BIS,SUR,Bislig,Surigao del Sur
TDG,SUR,Tandag,Surigao del Sur
BBO,SUR,Barobo,Surigao del Sur
BYB,SUR,Bayabas,Surigao del Sur
CGW,SUR,Cagwait,Surigao del Sur
CNT,SUR,Cantilan,Surigao del Sur
CMN,SUR,Carmen,Surigao del Sur
CRS,SUR,Carrascal,Surigao del Sur
CRT,SUR,Cortes,Surigao del Sur
HNT,SUR,Hinatuan,Surigao del Sur
LNZ,SUR,Lanuza,Surigao del Sur
LGA,SUR,Lianga,Surigao del Sur
LNG,SUR,Lingig,Surigao del Sur
MDR,SUR,Madrid,Surigao del Sur
MRH,SUR,Marihatag,Surigao del Sur
SNAG,SUR,San Agustin,Surigao del Sur
SNMG,SUR,San Miguel,Surigao del Sur
TAG,SUR,Tagbina,Surigao del Sur
TGO,SUR,Tago,Surigao del Sur
TRC,TAR,Tarlac,Tarlac
ANO,TAR,Anao,Tarlac
BMN,TAR,Bamban,Tarlac
CMI,TAR,Camiling,Tarlac
CPS,TAR,Capas,Tarlac
CPN,TAR,Concepcion,Tarlac
GRN,TAR,Gerona,Tarlac
LPZ,TAR,La Paz,Tarlac
MYT,TAR,Mayantoc,Tarlac
MCD,TAR,Moncada,Tarlac
PNQ,TAR,Paniqui,Tarlac
PRA,TAR,Pura,Tarlac
RMS,TAR,Ramos,Tarlac
SNCL,TAR,San Clemente,Tarlac
SNJS,TAR,San Jose,Tarlac
SNMN,TAR,San Manuel,Tarlac
STIG,TAR,Santa Ignacia,Tarlac
VCT,TAR,Victoria,Tarlac
BON,TAW,Bongao,Tawi-Tawi
LNY,TAW,Languyan,Tawi-Tawi
MPN,TAW,Mapun,Tawi-Tawi
PSU,TAW,Panglima Sugala,Tawi-Tawi
SPA,TAW,Sapa-Sapa,Tawi-Tawi
STU,TAW,Sibutu,Tawi-Tawi
SMN,TAW,Simunul,Tawi-Tawi
STK,TAW,Sitangkai,Tawi-Tawi
SUN,TAW,South Ubian,Tawi-Tawi
TDB,TAW,Tandubas,Tawi-Tawi
TRT,TAW,Turtle Islands,Tawi-Tawi
OLG,ZMB,Olongapo,Zambales
BTL,ZMB,Botolan,Zambales
CBN,ZMB,Cabangan,Zambales
CDL,ZMB,Candelaria,Zambales
CSJ,ZMB,Castillejos,Zambales
IBA,ZMB,Iba,Zambales
MSN,ZMB,Masinloc,Zambales
PLG,ZMB,Palauig,Zambales
SNAT,ZMB,San Antonio,Zambales
SNFP,ZMB,San Felipe,Zambales
SNML,ZMB,San Marcelino,Zambales
SNNR,ZMB,San Narciso,Zambales
STCR,ZMB,Santa Cruz,Zambales
SUB,ZMB,Subic,Zambales
DPT,ZAN,Dapitan,Zamboanga del Norte
DPL,ZAN,Dipolog,Zamboanga del Norte
BIA,ZAN,Baliguian,Zamboanga del Norte
GDD,ZAN,Godod,Zamboanga del Norte
GTL,ZAN,Gutalac,Zamboanga del Norte
JDL,ZAN,Jose Dalman,Zamboanga del Norte
KLW,ZAN,Kalawit,Zamboanga del Norte
KTP,ZAN,Katipunan,Zamboanga del Norte
LLB,ZAN,La Libertad,Zamboanga del Norte
LBS,ZAN,Labason,Zamboanga del Norte
LPS,ZAN,Leon B. Postigo,Zamboanga del Norte
LLY,ZAN,Liloy,Zamboanga del Norte
MKN,ZAN,Manukan,Zamboanga del Norte
MTA,ZAN,Mutia,Zamboanga del Norte
PÑN,ZAN,Piñan,Zamboanga del Norte
PNC,ZAN,Polanco,Zamboanga del Norte
PMR,ZAN,President Manuel A. Roxas,Zamboanga del Norte
RZL,ZAN,Rizal,Zamboanga del Norte
SAL,ZAN,Salug,Zamboanga del Norte
SOS,ZAN,Sergio Osmeña Sr.,Zamboanga del Norte
SYN,ZAN,Siayan,Zamboanga del Norte
SBC,ZAN,Sibuco,Zamboanga del Norte
STD,ZAN,Sibutad,Zamboanga del Norte
SIN,ZAN,Sindangan,Zamboanga del Norte
SOC,ZAN,Siocon,Zamboanga del Norte
SRW,ZAN,Sirawai,Zamboanga del Norte
TAM,ZAN,Tampilisan,Zamboanga del Norte
PDN,ZAS,Pagadian,Zamboanga del Sur
ZMB,ZAS,Zamboanga,Zamboanga del Sur
AUR,ZAS,Aurora,Zamboanga del Sur
BYO,ZAS,Bayog,Zamboanga del Sur
DMT,ZAS,Dimataling,Zamboanga del Sur
DNS,ZAS,Dinas,Zamboanga del Sur
DML,ZAS,Dumalinao,Zamboanga del Sur
DMN,ZAS,Dumingag,Zamboanga del Sur
GPS,ZAS,Guipos,Zamboanga del Sur
JSF,ZAS,Josefina,Zamboanga del Sur
KML,ZAS,Kumalarang,Zamboanga del Sur
LBN,ZAS,Labangan,Zamboanga del Sur
LKW,ZAS,Lakewood,Zamboanga del Sur
LPY,ZAS,Lapuyan,Zamboanga del Sur
MHY,ZAS,Mahayag,Zamboanga del Sur
MST,ZAS,Margosatubig,Zamboanga del Sur
MDS,ZAS,Midsalip,Zamboanga del Sur
MLV,ZAS,Molave,Zamboanga del Sur
PTG,ZAS,Pitogo,Zamboanga del Sur
RMG,ZAS,Ramon Magsaysay,Zamboanga del Sur
SNMG,ZAS,San Miguel,Zamboanga del Sur
SNPB,ZAS,San Pablo,Zamboanga del Sur
SOM,ZAS,Sominot,Zamboanga del Sur
TBN,ZAS,Tabina,Zamboanga del Sur
TMB,ZAS,Tambulig,Zamboanga del Sur
TGB,ZAS,Tigbao,Zamboanga del Sur
TKR,ZAS,Tukuran,Zamboanga del Sur
VSG,ZAS,Vincenzo A. Sagun,Zamboanga del Sur
ALC,ZSI,Alicia,Zamboanga Sibugay
BUU,ZSI,Buug,Zamboanga Sibugay
DPH,ZSI,Diplahan,Zamboanga Sibugay
IML,ZSI,Imelda,Zamboanga Sibugay
IPL,ZSI,Ipil,Zamboanga Sibugay
KBSL,ZSI,Kabasalan,Zamboanga Sibugay
MBH,ZSI,Mabuhay,Zamboanga Sibugay
MLS,ZSI,Malangas,Zamboanga Sibugay
NAG,ZSI,Naga,Zamboanga Sibugay
OLT,ZSI,Olutanga,Zamboanga Sibugay
PYO,ZSI,Payao,Zamboanga Sibugay
RLL,ZSI,Roseller Lim,Zamboanga Sibugay
SIY,ZSI,Siay,Zamboanga Sibugay
TLS,ZSI,Talusan,Zamboanga Sibugay
TTY,ZSI,Titay,Zamboanga Sibugay
TNW,ZSI,Tungawan,Zamboanga Sibugay
