City/Municipalities,Province,Region,MUNCODE
ABORLAN,PALAWAN,IV-B,175301000
ABRA DE ILOG,OCCIDENTAL MINDORO,IV-B,175101000
ABUCAY,BATAAN,III,30801000
ABULUG,CAGAYAN,II,21501000
ABUYOG,LEYTE,VIII,83701000
ADAMS,ILOCOS NORTE,I,12801000
AGDANGAN,QUEZON,IV-A,45601000
AGLIPAY,QUIRINO,II,25701000
AGNO,PANGASINAN,I,15501000
AGONCILLO,BATANGAS,IV-A,41001000
AGOO,LA UNION,I,13301000
AGUILAR,PANGASINAN,I,15502000
AGUINALDO,IFUGAO,CAR,142708000
AGUTAYA,PALAWAN,IV-B,175302000
AJUY,ILOILO,VI,63001000
AKBAR,BASILAN,ARMM,150708000
AL-BARKA,BASILAN,ARMM,150709000
ALABAT,QUEZON,IV-A,45602000
ALAMADA,NORTH COTABATO,XII,124701000
ALAMINOS,LAGUNA,IV-A,43401000
ALAMINOS CITY,PANGASINAN,I,15503000
ALANGALANG,LEYTE,VIII,83702000
ALBUERA,LEYTE,VIII,83703000
ALBURQUERQUE,BOHOL,VII,71201000
ALCALA,CAGAYAN,II,21502000
ALCALA,PANGASINAN,I,15504000
ALCANTARA,CEBU,VII,72201000
ALCANTARA,ROMBLON,IV-B,175901000
ALCOY,CEBU,VII,72202000
ALEGRIA,CEBU,VII,72203000
ALEGRIA,SURIGAO DEL NORTE,XIII,166701000
ALEOSAN,NORTH COTABATO,XII,124717000
ALFONSO,CAVITE,IV-A,42101000
ALFONSO CASTANEDA,NUEVA VIZCAYA,II,25015000
ALFONSO LISTA (POTIA),IFUGAO,CAR,142707000
ALIAGA,NUEVA ECIJA,III,34901000
ALICIA,BOHOL,VII,71202000
ALICIA,ISABELA,II,23101000
ALICIA,ZAMBOANGA SIBUGAY,IX,98301000
ALILEM,ILOCOS SUR,I,12901000
ALIMODIAN,ILOILO,VI,63002000
ALITAGTAG,BATANGAS,IV-A,41002000
ALLACAPAN,CAGAYAN,II,21503000
ALLEN,NORTHERN SAMAR,VIII,84801000
ALMAGRO,SAMAR,VIII,86001000
ALMERIA,BILIRAN,VIII,87801000
ALOGUINSAN,CEBU,VII,72204000
ALORAN,MISAMIS OCCIDENTAL,X,104201000
ALTAVAS,AKLAN,VI,60401000
ALUBIJID,MISAMIS ORIENTAL,X,104301000
AMADEO,CAVITE,IV-A,42102000
AMBAGUIO,NUEVA VIZCAYA,II,25001000
AMLAN (AYUQUITAN),NEGROS ORIENTAL,VII,74601000
AMPATUAN,MAGUINDANAO,ARMM,153801000
AMULUNG,CAGAYAN,II,21504000
ANAHAWAN,SOUTHERN LEYTE,VIII,86401000
ANAO,TARLAC,III,36901000
ANDA,BOHOL,VII,71203000
ANDA,PANGASINAN,I,15505000
ANGADANAN,ISABELA,II,23102000
ANGAT,BULACAN,III,31401000
ANGELES CITY,PAMPANGA,III,35401000
ANGONO,RIZAL,IV-A,45801000
ANILAO,ILOILO,VI,63003000
ANINI-Y,ANTIQUE,VI,60601000
ANTEQUERA,BOHOL,VII,71204000
ANTIPAS,NORTH COTABATO,XII,124715000
APALIT,PAMPANGA,III,35402000
APARRI,CAGAYAN,II,21505000
ARACELI,PALAWAN,IV-B,175303000
ARAKAN,NORTH COTABATO,XII,124718000
ARAYAT,PAMPANGA,III,35403000
ARGAO,CEBU,VII,72205000
ARINGAY,LA UNION,I,13302000
ARITAO,NUEVA VIZCAYA,II,25002000
AROROY,MASBATE,V,54101000
ARTECHE,EASTERN SAMAR,VIII,82601000
ASINGAN,PANGASINAN,I,15506000
ASIPULO,IFUGAO,CAR,142711000
ASTURIAS,CEBU,VII,72206000
ASUNCION (SAUG),DAVAO DEL NORTE,XI,112301000
ATIMONAN,QUEZON,IV-A,45603000
ATOK,BENGUET,CAR,141101000
AURORA,ISABELA,II,23103000
AURORA,ZAMBOANGA DEL SUR,IX,97302000
AYUNGON,NEGROS ORIENTAL,VII,74602000
BAAO,CAMARINES SUR,V,51701000
BABATNGON,LEYTE,VIII,83705000
BACACAY,ALBAY,V,50501000
BACARRA,ILOCOS NORTE,I,12802000
BACLAYON,BOHOL,VII,71205000
BACNOTAN,LA UNION,I,13303000
BACO,ORIENTAL MINDORO,IV-B,175201000
BACOLOD,LANAO DEL NORTE,X,103501000
BACOLOD-KALAWI (BACOLOD GRANDE),LANAO DEL SUR,ARMM,153601000
BACOLOD CITY (Capital),NEGROS OCCIDENTAL,VI,64501000
BACOLOR,PAMPANGA,III,35404000
BACONG,NEGROS ORIENTAL,VII,74603000
BACOOR,CAVITE,IV-A,42103000
BACUAG,SURIGAO DEL NORTE,XIII,166702000
BADIAN,CEBU,VII,72207000
BADIANGAN,ILOILO,VI,63004000
BADOC,ILOCOS NORTE,I,12803000
BAGABAG,NUEVA VIZCAYA,II,25003000
BAGAC,BATAAN,III,30802000
BAGAMANOC,CATANDUANES,V,52001000
BAGANGA,DAVAO ORIENTAL,XI,112501000
BAGGAO,CAGAYAN,II,21506000
BAGO CITY,NEGROS OCCIDENTAL,VI,64502000
BAGUIO CITY,BENGUET,CAR,141102000
BAGULIN,LA UNION,I,13304000
BAGUMBAYAN,SULTAN KUDARAT,XII,126501000
BAIS CITY,NEGROS ORIENTAL,VII,74604000
BAKUN,BENGUET,CAR,141103000
BALABAC,PALAWAN,IV-B,175304000
BALABAGAN,LANAO DEL SUR,ARMM,153602000
BALAGTAS (BIGAA),BULACAN,III,31402000
BALAMBAN,CEBU,VII,72208000
BALANGIGA,EASTERN SAMAR,VIII,82602000
BALANGKAYAN,EASTERN SAMAR,VIII,82603000
BALAOAN,LA UNION,I,13305000
BALASAN,ILOILO,VI,63005000
BALATAN,CAMARINES SUR,V,51702000
BALAYAN,BATANGAS,IV-A,41003000
BALBALAN,KALINGA,CAR,143201000
BALENO,MASBATE,V,54102000
BALER (Capital),AURORA,III,37701000
BALETE,AKLAN,VI,60402000
BALETE,BATANGAS,IV-A,41004000
BALIANGAO,MISAMIS OCCIDENTAL,X,104202000
BALIGUIAN,ZAMBOANGA DEL NORTE,IX,97224000
BALILIHAN,BOHOL,VII,71206000
BALINDONG (WATU),LANAO DEL SUR,ARMM,153603000
BALINGASAG,MISAMIS ORIENTAL,X,104302000
BALINGOAN,MISAMIS ORIENTAL,X,104303000
BALIUAG,BULACAN,III,31403000
BALLESTEROS,CAGAYAN,II,21507000
BALOI,LANAO DEL NORTE,X,103502000
BALUD,MASBATE,V,54103000
BALUNGAO,PANGASINAN,I,15507000
BAMBAN,TARLAC,III,36902000
BAMBANG,NUEVA VIZCAYA,II,25004000
BANATE,ILOILO,VI,63006000
BANAUE,IFUGAO,CAR,142701000
BANAYBANAY,DAVAO ORIENTAL,XI,112502000
BANAYOYO,ILOCOS SUR,I,12902000
BANGA,AKLAN,VI,60403000
BANGA,SOUTH COTABATO,XII,126302000
BANGAR,LA UNION,I,13306000
BANGUI,ILOCOS NORTE,I,12804000
BANI,PANGASINAN,I,15508000
BANISILAN,NORTH COTABATO,XII,124716000
BANNA (ESPIRITU),ILOCOS NORTE,I,12811000
BANSALAN,DAVAO DEL SUR,XI,112401000
BANSUD,ORIENTAL MINDORO,IV-B,175202000
BANTAY,ILOCOS SUR,I,12903000
BANTAYAN,CEBU,VII,72209000
BANTON,ROMBLON,IV-B,175902000
BARAS,CATANDUANES,V,52002000
BARAS,RIZAL,IV-A,45803000
BARBAZA,ANTIQUE,VI,60602000
BARCELONA,SORSOGON,V,56202000
BARILI,CEBU,VII,72210000
BARIRA,MAGUINDANAO,ARMM,153818000
BARLIG,MOUNTAIN PROVINCE,CAR,144401000
BAROBO,SURIGAO DEL SUR,XIII,166801000
BAROTAC NUEVO,ILOILO,VI,63007000
BAROTAC VIEJO,ILOILO,VI,63008000
BAROY,LANAO DEL NORTE,X,103503000
BARUGO,LEYTE,VIII,83706000
BASAY,NEGROS ORIENTAL,VII,74605000
BASEY,SAMAR,VIII,86002000
BASILISA (RIZAL),DINAGAT ISLANDS,XIII,168501000
BASISTA,PANGASINAN,I,15509000
BASUD,CAMARINES NORTE,V,51601000
BATAD,ILOILO,VI,63009000
BATAN,AKLAN,VI,60404000
BATARAZA,PALAWAN,IV-B,175305000
BATANGAS CITY (Capital),BATANGAS,IV-A,41005000
BATO,CAMARINES SUR,V,51703000
BATO,CATANDUANES,V,52003000
BATO,LEYTE,VIII,83707000
BATUAN,BOHOL,VII,71207000
BATUAN,MASBATE,V,54104000
BAUAN,BATANGAS,IV-A,41006000
BAUANG,LA UNION,I,13307000
BAUKO,MOUNTAIN PROVINCE,CAR,144402000
BAUNGON,BUKIDNON,X,101301000
BAUTISTA,PANGASINAN,I,15510000
BAY,LAGUNA,IV-A,43402000
BAYABAS,SURIGAO DEL SUR,XIII,166802000
BAYAMBANG,PANGASINAN,I,15511000
BAYANG,LANAO DEL SUR,ARMM,153604000
BAYAWAN CITY (TULONG),NEGROS ORIENTAL,VII,74606000
BAYBAY,LEYTE,VIII,83708000
BAYOG,ZAMBOANGA DEL SUR,IX,97303000
BAYUGAN,AGUSAN DEL SUR,XIII,160301000
BAYOMBONG (Capital),NUEVA VIZCAYA,II,25005000
BELISON,ANTIQUE,VI,60603000
BENITO SOLIVEN,ISABELA,II,23104000
BESAO,MOUNTAIN PROVINCE,CAR,144403000
BIEN UNIDO,BOHOL,VII,71248000
BILAR,BOHOL,VII,71208000
BILIRAN,BILIRAN,VIII,87802000
BINALBAGAN,NEGROS OCCIDENTAL,VI,64503000
BINALONAN,PANGASINAN,I,15512000
BINAN,LAGUNA,IV-A,43403000
BINANGONAN,RIZAL,IV-A,45804000
BINDOY (PAYABON),NEGROS ORIENTAL,VII,74607000
BINGAWAN,ILOILO,VI,63010000
BINIDAYAN,LANAO DEL SUR,ARMM,153605000
BINMALEY,PANGASINAN,I,15513000
BINUANGAN,MISAMIS ORIENTAL,X,104304000
BIRI,NORTHERN SAMAR,VIII,84802000
BOBON,NORTHERN SAMAR,VIII,84803000
BOCAUE,BULACAN,III,31404000
BOGO,CEBU,VII,72211000
BOKOD,BENGUET,CAR,141104000
BOLINAO,PANGASINAN,I,15514000
BOLINEY,ABRA,CAR,140102000
BOLJOON,CEBU,VII,72212000
BOMBON,CAMARINES SUR,V,51704000
BONGABON,NUEVA ECIJA,III,34902000
BONGABONG,ORIENTAL MINDORO,IV-B,175203000
BONIFACIO,MISAMIS OCCIDENTAL,X,104203000
BONTOC,SOUTHERN LEYTE,VIII,86402000
BONTOC (Capital),MOUNTAIN PROVINCE,CAR,144404000
BORBON,CEBU,VII,72213000
BOSTON,DAVAO ORIENTAL,XI,112503000
BOTOLAN,ZAMBALES,III,37101000
BRAULIO E. DUJALI,DAVAO DEL NORTE,XI,112323000
BROOKE'S POINT,PALAWAN,IV-B,175306000
BUADIPOSO-BUNTONG,LANAO DEL SUR,ARMM,153633000
BUBONG,LANAO DEL SUR,ARMM,153606000
BUCAY,ABRA,CAR,140103000
BUCLOC,ABRA,CAR,140104000
BUENAVISTA,AGUSAN DEL NORTE,XIII,160201000
BUENAVISTA,BOHOL,VII,71209000
BUENAVISTA,GUIMARAS,VI,67901000
BUENAVISTA,MARINDUQUE,IV-B,174002000
BUENAVISTA,QUEZON,IV-A,45605000
BUGALLON,PANGASINAN,I,15515000
BUGASONG,ANTIQUE,VI,60604000
BUGUEY,CAGAYAN,II,21508000
BUGUIAS,BENGUET,CAR,141105000
BUHI,CAMARINES SUR,V,51705000
BULA,CAMARINES SUR,V,51706000
BULACAN,BULACAN,III,31405000
BULALACAO (SAN PEDRO),ORIENTAL MINDORO,IV-B,175204000
BULAN,SORSOGON,V,56203000
BULDON,MAGUINDANAO,ARMM,153802000
BULUAN,MAGUINDANAO,ARMM,153803000
BULUSAN,SORSOGON,V,56204000
BUMBARAN,LANAO DEL SUR,ARMM,153637000
BUNAWAN,AGUSAN DEL SUR,XIII,160302000
BURAUEN,LEYTE,VIII,83710000
BURDEOS,QUEZON,IV-A,45606000
BURGOS,ILOCOS NORTE,I,12806000
BURGOS,ILOCOS SUR,I,12904000
BURGOS,ISABELA,II,23105000
BURGOS,LA UNION,I,13308000
BURGOS,PANGASINAN,I,15516000
BURGOS,SURIGAO DEL NORTE,XIII,166704000
BURUANGA,AKLAN,VI,60405000
BUSTOS,BULACAN,III,31406000
BUSUANGA,PALAWAN,IV-B,175307000
BUTIG,LANAO DEL SUR,ARMM,153607000
BUUG,ZAMBOANGA SIBUGAY,IX,98302000
CABA,LA UNION,I,13309000
CABADBARAN,AGUSAN DEL NORTE,XIII,160203000
CABAGAN,ISABELA,II,23106000
CABANATUAN CITY,NUEVA ECIJA,III,34903000
CABANGAN,ZAMBALES,III,37102000
CABANGLASAN,BUKIDNON,X,101322000
CABATUAN,ILOILO,VI,63012000
CABATUAN,ISABELA,II,23107000
CABARROGUIS (Capital),QUIRINO,II,25702000
CABIAO,NUEVA ECIJA,III,34904000
CABUCGAYAN,BILIRAN,VIII,87803000
CABUGAO,ILOCOS SUR,I,12905000
CABUSAO,CAMARINES SUR,V,51707000
CABUYAO,LAGUNA,IV-A,43404000
CADIZ CITY,NEGROS OCCIDENTAL,VI,64504000
CAGAYAN DE ORO CITY (Capital),MISAMIS ORIENTAL,X,104305000
CAGAYANCILLO,PALAWAN,IV-B,175308000
CAGDIANAO,DINAGAT ISLANDS,XIII,168502000
CAGWAIT,SURIGAO DEL SUR,XIII,166804000
CAIBIRAN,BILIRAN,VIII,87804000
CAINTA,RIZAL,IV-A,45805000
CAJIDIOCAN,ROMBLON,IV-B,175903000
CALABANGA,CAMARINES SUR,V,51708000
CALACA,BATANGAS,IV-A,41007000
CALAMBA,MISAMIS OCCIDENTAL,X,104204000
CALANASAN (BAYAG),APAYAO,CAR,148101000
CALANOGAS,LANAO DEL SUR,ARMM,153632000
CALAPE,BOHOL,VII,71210000
CALASIAO,PANGASINAN,I,15517000
CALATAGAN,BATANGAS,IV-A,41008000
CALATRAVA,NEGROS OCCIDENTAL,VI,64505000
CALATRAVA,ROMBLON,IV-B,175904000
CALAUAG,QUEZON,IV-A,45607000
CALAUAN,LAGUNA,IV-A,43406000
CALAYAN,CAGAYAN,II,21509000
CALBAYOG CITY,SAMAR,VIII,86003000
CALBIGA,SAMAR,VIII,86004000
CALINOG,ILOILO,VI,63013000
CALINTAAN,OCCIDENTAL MINDORO,IV-B,175102000
CALUBIAN,LEYTE,VIII,83713000
CALUMPIT,BULACAN,III,31407000
CALUYA,ANTIQUE,VI,60605000
CAMALANIUGAN,CAGAYAN,II,21510000
CAMALIG,ALBAY,V,50502000
CAMALIGAN,CAMARINES SUR,V,51709000
CAMILING,TARLAC,III,36903000
CAN-AVID,EASTERN SAMAR,VIII,82605000
CANAMAN,CAMARINES SUR,V,51710000
CANDABA,PAMPANGA,III,35405000
CANDELARIA,QUEZON,IV-A,45608000
CANDELARIA,ZAMBALES,III,37103000
CANDIJAY,BOHOL,VII,71211000
CANDONI,NEGROS OCCIDENTAL,VI,64506000
CANLAON CITY,NEGROS ORIENTAL,VII,74608000
CANTILAN,SURIGAO DEL SUR,XIII,166805000
CAOAYAN,ILOCOS SUR,I,12907000
CAPALONGA,CAMARINES NORTE,V,51602000
CAPAS,TARLAC,III,36904000
CAPOOCAN,LEYTE,VIII,83714000
CAPUL,NORTHERN SAMAR,VIII,84804000
CARAGA,DAVAO ORIENTAL,XI,112504000
CARAMOAN,CAMARINES SUR,V,51711000
CARAMORAN,CATANDUANES,V,52004000
CARASI,ILOCOS NORTE,I,12807000
CARCAR,CEBU,VII,72214000
CARDONA,RIZAL,IV-A,45806000
CARIGARA,LEYTE,VIII,83715000
CARLES,ILOILO,VI,63014000
CARMEN,AGUSAN DEL NORTE,XIII,160204000
CARMEN,BOHOL,VII,71212000
CARMEN,CEBU,VII,72215000
CARMEN,DAVAO DEL NORTE,XI,112303000
CARMEN,NORTH COTABATO,XII,124702000
CARMEN,SURIGAO DEL SUR,XIII,166806000
CARMONA,CAVITE,IV-A,42104000
CARRANGLAN,NUEVA ECIJA,III,34905000
CARRASCAL,SURIGAO DEL SUR,XIII,166807000
CASIGURAN,AURORA,III,37702000
CASIGURAN,SORSOGON,V,56205000
CASTILLA,SORSOGON,V,56206000
CASTILLEJOS,ZAMBALES,III,37104000
CATAINGAN,MASBATE,V,54105000
CATANAUAN,QUEZON,IV-A,45610000
CATARMAN,CAMIGUIN,X,101801000
CATEEL,DAVAO ORIENTAL,XI,112505000
CATIGBIAN,BOHOL,VII,71213000
CATMON,CEBU,VII,72216000
CATUBIG,NORTHERN SAMAR,VIII,84806000
CAUAYAN,NEGROS OCCIDENTAL,VI,64507000
CAVINTI,LAGUNA,IV-A,43407000
CAVITE CITY,CAVITE,IV-A,42105000
CAWAYAN,MASBATE,V,54106000
CERVANTES,ILOCOS SUR,I,12908000
CLARIN,BOHOL,VII,71214000
CLARIN,MISAMIS OCCIDENTAL,X,104205000
CLAVER,SURIGAO DEL NORTE,XIII,166706000
CLAVERIA,CAGAYAN,II,21511000
CLAVERIA,MASBATE,V,54107000
CLAVERIA,MISAMIS ORIENTAL,X,104306000
COLUMBIO,SULTAN KUDARAT,XII,126502000
COMPOSTELA,CEBU,VII,72218000
COMPOSTELA,COMPOSTELA VALLEY,XI,118201000
CONCEPCION,ILOILO,VI,63015000
CONCEPCION,MISAMIS OCCIDENTAL,X,104206000
CONCEPCION,ROMBLON,IV-B,175905000
CONCEPCION,TARLAC,III,36905000
CONNER,APAYAO,CAR,148102000
CONSOLACION,CEBU,VII,72219000
CORCUERA,ROMBLON,IV-B,175906000
CORDON,ISABELA,II,23109000
CORELLA,BOHOL,VII,71215000
CORON,PALAWAN,IV-B,175309000
CORTES,BOHOL,VII,71216000
CORTES,SURIGAO DEL SUR,XIII,166808000
CUARTERO,CAPIZ,VI,61901000
CUENCA,BATANGAS,IV-A,41009000
CULABA,BILIRAN,VIII,87805000
CULASI,ANTIQUE,VI,60606000
CULION,PALAWAN,IV-B,175322000
CURRIMAO,ILOCOS NORTE,I,12808000
CUYAPO,NUEVA ECIJA,III,34906000
CUYO,PALAWAN,IV-B,175310000
DAANBANTAYAN,CEBU,VII,72221000
DAGAMI,LEYTE,VIII,83717000
DAGOHOY,BOHOL,VII,71217000
DAGUIOMAN,ABRA,CAR,140105000
DAGUPAN CITY,PANGASINAN,I,15518000
DALAGUETE,CEBU,VII,72222000
DAMULOG,BUKIDNON,X,101302000
DANAO,BOHOL,VII,71218000
DANAO CITY,CEBU,VII,72223000
DANGCAGAN,BUKIDNON,X,101303000
DANGLAS,ABRA,CAR,140106000
DAO,CAPIZ,VI,61902000
DAPA,SURIGAO DEL NORTE,XIII,166707000
DAPITAN CITY,ZAMBOANGA DEL NORTE,IX,97201000
DARAGA (LOCSIN),ALBAY,V,50503000
DARAM,SAMAR,VIII,86006000
DASMARIÑAS,CAVITE,IV-A,42106000
DASOL,PANGASINAN,I,15519000
DATU ABDULLAH SANGKI,MAGUINDANAO,ARMM,153828000
DATU ANGGAL MIDTIMBANG,MAGUINDANAO,ARMM,153831000
DATU BLAH T. SINSUAT,MAGUINDANAO,ARMM,153830000
DATU HOFFER AMPATUAN,MAGUINDANAO,ARMM,153835000
DATU ODIN SINSUAT (DINAIG),MAGUINDANAO,ARMM,153807000
DATU PAGLAS,MAGUINDANAO,ARMM,153805000
DATU PIANG,MAGUINDANAO,ARMM,153806000
DATU SALIBO,MAGUINDANAO,ARMM,153836000
DATU SAUDI-AMPATUAN,MAGUINDANAO,ARMM,153826000
DATU UNSAY,MAGUINDANAO,ARMM,153827000
DAUIN,NEGROS ORIENTAL,VII,74609000
DAUIS,BOHOL,VII,71219000
DAVAO CITY,DAVAO DEL SUR,XI,112402000
DEL CARMEN,SURIGAO DEL NORTE,XIII,166708000
DEL GALLEGO,CAMARINES SUR,V,51712000
DELFIN ALBANO (MAGSAYSAY),ISABELA,II,23118000
DIADI,NUEVA VIZCAYA,II,25006000
DIFFUN,QUIRINO,II,25703000
DILASAG,AURORA,III,37703000
DIMASALANG,MASBATE,V,54108000
DIGOS CITY (Capital),DAVAO DEL SUR,XI,112403000
DIMATALING,ZAMBOANGA DEL SUR,IX,97305000
DIMIAO,BOHOL,VII,71220000
DINAGAT,DINAGAT ISLANDS,XIII,168503000
DINALUNGAN,AURORA,III,37704000
DINALUPIHAN,BATAAN,III,30804000
DINAPIGUE,ISABELA,II,23110000
DINAS,ZAMBOANGA DEL SUR,IX,97306000
DINGALAN,AURORA,III,37705000
DINGLE,ILOILO,VI,63016000
DINGRAS,ILOCOS NORTE,I,12809000
DIPACULAO,AURORA,III,37706000
DIPLAHAN,ZAMBOANGA SIBUGAY,IX,98303000
DITSAAN-RAMAIN,LANAO DEL SUR,ARMM,153624000
DIVILACAN,ISABELA,II,23111000
DOLORES,ABRA,CAR,140107000
DOLORES,EASTERN SAMAR,VIII,82606000
DOLORES,QUEZON,IV-A,45615000
DON CARLOS,BUKIDNON,X,101304000
DON MARCELINO,DAVAO DEL SUR,XI,112416000
DOÑA REMEDIOS TRINIDAD,BULACAN,III,31424000
DON VICTORIANO CHIONGBIAN,MISAMIS OCCIDENTAL,X,104217000
DONSOL,SORSOGON,V,56207000
DUEÑAS,ILOILO,VI,63017000
DUERO,BOHOL,VII,71221000
DULAG,LEYTE,VIII,83718000
DUMAGUETE CITY (Capital),NEGROS ORIENTAL,VII,74610000
DUMALAG,CAPIZ,VI,61903000
DUMALINAO,ZAMBOANGA DEL SUR,IX,97307000
DUMALNEG,ILOCOS NORTE,I,12810000
DUMANGAS,ILOILO,VI,63018000
DUMANJUG,CEBU,VII,72224000
DUMARAN,PALAWAN,IV-B,175311000
DUMARAO,CAPIZ,VI,61904000
DUMINGAG,ZAMBOANGA DEL SUR,IX,97308000
DUPAX DEL NORTE,NUEVA VIZCAYA,II,25007000
DUPAX DEL SUR,NUEVA VIZCAYA,II,25008000
ECHAGUE,ISABELA,II,23112000
EL NIDO (BACUIT),PALAWAN,IV-B,175312000
EL SALVADOR,MISAMIS ORIENTAL,X,104307000
ENRILE,CAGAYAN,II,21512000
ENRIQUE B. MAGALONA (SARAVIA),NEGROS OCCIDENTAL,VI,64508000
ENRIQUE VILLANUEVA,SIQUIJOR,VII,76101000
ESPERANZA,AGUSAN DEL SUR,XIII,160303000
ESPERANZA,MASBATE,V,54109000
ESCALANTE CITY,NEGROS OCCIDENTAL,VI,64509000
ESPERANZA,SULTAN KUDARAT,XII,126503000
ESTANCIA,ILOILO,VI,63019000
FAMY,LAGUNA,IV-A,43408000
FERROL,ROMBLON,IV-B,175916000
FLORA,APAYAO,CAR,148103000
FLORIDABLANCA,PAMPANGA,III,35406000
GABALDON (BITULOK & SABANI),NUEVA ECIJA,III,34907000
GAINZA,CAMARINES SUR,V,51713000
GALIMUYOD,ILOCOS SUR,I,12909000
GAMAY,NORTHERN SAMAR,VIII,84807000
GAMU,ISABELA,II,23113000
GANASSI,LANAO DEL SUR,ARMM,153609000
GANDARA,SAMAR,VIII,86007000
GARCHITORENA,CAMARINES SUR,V,51714000
GARCIA HERNANDEZ,BOHOL,VII,71222000
GASAN,MARINDUQUE,IV-B,174003000
GATTARAN,CAGAYAN,II,21513000
GEN. MARIANO ALVAREZ,CAVITE,IV-A,42123000
GEN. S. K. PENDATUN,MAGUINDANAO,ARMM,153819000
GENERAL EMILIO AGUINALDO,CAVITE,IV-A,42107000
GENERAL LUNA,QUEZON,IV-A,45616000
GENERAL LUNA,SURIGAO DEL NORTE,XIII,166710000
GENERAL MACARTHUR,EASTERN SAMAR,VIII,82607000
GENERAL MAMERTO NATIVIDAD,NUEVA ECIJA,III,34909000
GENERAL NAKAR,QUEZON,IV-A,45617000
GENERAL SANTOS CITY (DADIANGAS),SOUTH COTABATO,XII,126303000
GENERAL TINIO (PAPAYA),NUEVA ECIJA,III,34910000
GENERAL TRIAS,CAVITE,IV-A,42108000
GERONA,TARLAC,III,36906000
GIGAQUIT,SURIGAO DEL NORTE,XIII,166711000
GIGMOTO,CATANDUANES,V,52005000
GINATILAN,CEBU,VII,72225000
GINGOOG CITY,MISAMIS ORIENTAL,X,104308000
GIPORLOS,EASTERN SAMAR,VIII,82608000
GITAGUM,MISAMIS ORIENTAL,X,104309000
GLAN,SARANGANI,XII,128002000
GLORIA,ORIENTAL MINDORO,IV-B,175206000
GOA,CAMARINES SUR,V,51715000
GODOD,ZAMBOANGA DEL NORTE,IX,97225000
GONZAGA,CAGAYAN,II,21514000
GOVERNOR GENEROSO,DAVAO ORIENTAL,XI,112506000
GREGORIO DEL PILAR (CONCEPCION),ILOCOS SUR,I,12910000
GUAGUA,PAMPANGA,III,35407000
GUBAT,SORSOGON,V,56208000
GUIGUINTO,BULACAN,III,31408000
GUIHULNGAN,NEGROS ORIENTAL,VII,74611000
GUIMBA,NUEVA ECIJA,III,34911000
GUIMBAL,ILOILO,VI,63020000
GUINAYANGAN,QUEZON,IV-A,45618000
GUINDULMAN,BOHOL,VII,71223000
GUINDULUNGAN,MAGUINDANAO,ARMM,153825000
GUINOBATAN,ALBAY,V,50504000
GUINSILIBAN,CAMIGUIN,X,101802000
GUIPOS,ZAMBOANGA DEL SUR,IX,97343000
GUIUAN,EASTERN SAMAR,VIII,82609000
GUMACA,QUEZON,IV-A,45619000
GUTALAC,ZAMBOANGA DEL NORTE,IX,97223000
HADJI MOHAMMAD AJUL,BASILAN,ARMM,150710000
HADJI MUHTAMAD,BASILAN,ARMM,150712000
HADJI PANGLIMA TAHIL (MARUNGGAS),SULU,ARMM,156606000
HAGONOY,BULACAN,III,31409000
HAGONOY,DAVAO DEL SUR,XI,112404000
HAMTIC,ANTIQUE,VI,60608000
HERMOSA,BATAAN,III,30805000
HERNANI,EASTERN SAMAR,VIII,82610000
HILONGOS,LEYTE,VIII,83719000
HINABANGAN,SAMAR,VIII,86008000
HINATUAN,SURIGAO DEL SUR,XIII,166809000
HINDANG,LEYTE,VIII,83720000
HINGYON,IFUGAO,CAR,142709000
HINIGARAN,NEGROS OCCIDENTAL,VI,64511000
HINOBA-AN (ASIA),NEGROS OCCIDENTAL,VI,64512000
HINUNANGAN,SOUTHERN LEYTE,VIII,86403000
HINUNDAYAN,SOUTHERN LEYTE,VIII,86404000
HUNGDUAN,IFUGAO,CAR,142702000
IBAAN,BATANGAS,IV-A,41010000
IBA (Capital),ZAMBALES,III,37105000
IBAJAY,AKLAN,VI,60406000
IGBARAS,ILOILO,VI,63021000
IGUIG,CAGAYAN,II,21515000
ILIGAN CITY,LANAO DEL NORTE,X,103504000
ILOG,NEGROS OCCIDENTAL,VI,64513000
IMELDA,ZAMBOANGA SIBUGAY,IX,98304000
IMPASUG-ONG,BUKIDNON,X,101305000
IMUS,CAVITE,IV-A,42109000
INABANGA,BOHOL,VII,71224000
INDANAN,SULU,ARMM,156601000
INDANG,CAVITE,IV-A,42110000
INFANTA,PANGASINAN,I,15520000
INFANTA,QUEZON,IV-A,45620000
INITAO,MISAMIS ORIENTAL,X,104310000
INOPACAN,LEYTE,VIII,83721000
IRIGA CITY,CAMARINES SUR,V,51716000
IROSIN,SORSOGON,V,56209000
ISABEL,LEYTE,VIII,83722000
ISABELA,NEGROS OCCIDENTAL,VI,64514000
ISLAND GARDEN CITY OF SAMAL,DAVAO DEL NORTE,XI,112317000
ISABELA CITY (Capital),BASILAN,IX,99701000
ITBAYAT,BATANES,II,20902000
ITOGON,BENGUET,CAR,141106000
IVANA,BATANES,II,20903000
IVISAN,CAPIZ,VI,61905000
JABONGA,AGUSAN DEL NORTE,XIII,160205000
JAEN,NUEVA ECIJA,III,34912000
JAGNA,BOHOL,VII,71225000
JALA-JALA,RIZAL,IV-A,45807000
JAMINDAN,CAPIZ,VI,61906000
JANIUAY,ILOILO,VI,63023000
JARO,LEYTE,VIII,83723000
JASAAN,MISAMIS ORIENTAL,X,104311000
JAVIER (BUGHO),LEYTE,VIII,83724000
JETAFE,BOHOL,VII,71226000
JIABONG,SAMAR,VIII,86009000
JIMALALUD,NEGROS ORIENTAL,VII,74612000
JIMENEZ,MISAMIS OCCIDENTAL,X,104207000
JIPAPAD,EASTERN SAMAR,VIII,82611000
JOMALIG,QUEZON,IV-A,45621000
JONES,ISABELA,II,23115000
JOSE ABAD SANTOS (TRINIDAD),DAVAO DEL SUR,XI,112405000
JOSE DALMAN (PONOT),ZAMBOANGA DEL NORTE,IX,97222000
JOSE PANGANIBAN,CAMARINES NORTE,V,51605000
JOSEFINA,ZAMBOANGA DEL SUR,IX,97337000
JOVELLAR,ALBAY,V,50505000
JUBAN,SORSOGON,V,56210000
JULITA,LEYTE,VIII,83725000
KABACAN,NORTH COTABATO,XII,124703000
KABASALAN,ZAMBOANGA SIBUGAY,IX,98306000
KABAYAN,BENGUET,CAR,141107000
KABUGAO (Capital),APAYAO,CAR,148104000
KABUNTALAN (TUMBAO),MAGUINDANAO,ARMM,153814000
KADINGILAN,BUKIDNON,X,101306000
KALAMANSIG,SULTAN KUDARAT,XII,126505000
KALAWIT,ZAMBOANGA DEL NORTE,IX,97227000
KALAYAAN,LAGUNA,IV-A,43409000
KALAYAAN,PALAWAN,IV-B,175321000
KALILANGAN,BUKIDNON,X,101307000
KALINGALAN CALUANG,SULU,ARMM,156603000
KANANGA,LEYTE,VIII,83726000
CALOOKAN CITY,METRO MANILA,NCR,137501000
KAPAI,LANAO DEL SUR,ARMM,153610000
KAPALONG,DAVAO DEL NORTE,XI,112305000
KAPANGAN,BENGUET,CAR,141108000
KAPATAGAN,LANAO DEL NORTE,X,103505000
KAPATAGAN,LANAO DEL SUR,ARMM,153639000
KASIBU,NUEVA VIZCAYA,II,25009000
KATIPUNAN,ZAMBOANGA DEL NORTE,IX,97203000
KAUSWAGAN,LANAO DEL NORTE,X,103507000
KAWAYAN,BILIRAN,VIII,87806000
KAWIT,CAVITE,IV-A,42111000
KAYAPA,NUEVA VIZCAYA,II,25010000
KIAMBA,SARANGANI,XII,128003000
KIANGAN,IFUGAO,CAR,142703000
KIBAWE,BUKIDNON,X,101308000
KIBLAWAN,DAVAO DEL SUR,XI,112406000
KIBUNGAN,BENGUET,CAR,141109000
KIDAPAWAN CITY (Capital),NORTH COTABATO,XII,124704000
KINOGUITAN,MISAMIS ORIENTAL,X,104312000
KITAOTAO,BUKIDNON,X,101309000
KITCHARAO,AGUSAN DEL NORTE,XIII,160206000
KOLAMBUGAN,LANAO DEL NORTE,X,103508000
KUMALARANG,ZAMBOANGA DEL SUR,IX,97311000
LA CARLOTA CITY,NEGROS OCCIDENTAL,VI,64516000
LA CASTELLANA,NEGROS OCCIDENTAL,VI,64517000
LA LIBERTAD,NEGROS ORIENTAL,VII,74613000
LA LIBERTAD,ZAMBOANGA DEL NORTE,IX,97204000
LA PAZ,ABRA,CAR,140108000
LA PAZ,AGUSAN DEL SUR,XIII,160304000
LA PAZ,LEYTE,VIII,83728000
LA PAZ,TARLAC,III,36907000
LA TRINIDAD (Capital),BENGUET,CAR,141110000
LAAK (SAN VICENTE),COMPOSTELA VALLEY,XI,118202000
LABANGAN,ZAMBOANGA DEL SUR,IX,97312000
LABASON,ZAMBOANGA DEL NORTE,IX,97205000
LABO,CAMARINES NORTE,V,51606000
LABRADOR,PANGASINAN,I,15521000
LACUB,ABRA,CAR,140109000
LAGANGILANG,ABRA,CAR,140110000
LAGAYAN,ABRA,CAR,140111000
LAGONGLONG,MISAMIS ORIENTAL,X,104313000
LAGAWE (Capital),IFUGAO,CAR,142704000
LAGONOY,CAMARINES SUR,V,51717000
LAGUINDINGAN,MISAMIS ORIENTAL,X,104314000
LAKE SEBU,SOUTH COTABATO,XII,126319000
LAKEWOOD,ZAMBOANGA DEL SUR,IX,97333000
LAL-LO,CAGAYAN,II,21516000
LALA,LANAO DEL NORTE,X,103509000
LAMBAYONG (MARIANO MARCOS),SULTAN KUDARAT,XII,126508000
LAMBUNAO,ILOILO,VI,63025000
LAMUT,IFUGAO,CAR,142705000
LANGIDEN,ABRA,CAR,140112000
LANTAPAN,BUKIDNON,X,101310000
LANTAWAN,BASILAN,ARMM,150703000
LANUZA,SURIGAO DEL SUR,XIII,166810000
LAOAC,PANGASINAN,I,15548000
LAOANG,NORTHERN SAMAR,VIII,84808000
LAPINIG,NORTHERN SAMAR,VIII,84809000
LAPU-LAPU CITY (OPON),CEBU,VII,72226000
LAPUYAN,ZAMBOANGA DEL SUR,IX,97313000
LARENA,SIQUIJOR,VII,76102000
LAS NAVAS,NORTHERN SAMAR,VIII,84810000
LAS NIEVES,AGUSAN DEL NORTE,XIII,160207000
LASAM,CAGAYAN,II,21517000
LAUA-AN,ANTIQUE,VI,60609000
LAUR,NUEVA ECIJA,III,34913000
LAUREL,BATANGAS,IV-A,41011000
LAVEZARES,NORTHERN SAMAR,VIII,84811000
LAWAAN,EASTERN SAMAR,VIII,82612000
LAZI,SIQUIJOR,VII,76103000
LEBAK,SULTAN KUDARAT,XII,126506000
LEGANES,ILOILO,VI,63026000
LEMERY,BATANGAS,IV-A,41012000
LEMERY,ILOILO,VI,63027000
LEON,ILOILO,VI,63028000
LEYTE,LEYTE,VIII,83729000
LEZO,AKLAN,VI,60408000
LIAN,BATANGAS,IV-A,41013000
LIANGA,SURIGAO DEL SUR,XIII,166811000
LIBACAO,AKLAN,VI,60409000
LIBAGON,SOUTHERN LEYTE,VIII,86405000
LIBERTAD,ANTIQUE,VI,60610000
LIBERTAD,MISAMIS ORIENTAL,X,104315000
LIBJO (ALBOR),DINAGAT ISLANDS,XIII,168504000
LIBMANAN,CAMARINES SUR,V,51718000
LIBON,ALBAY,V,50507000
LIBONA,BUKIDNON,X,101311000
LIBUNGAN,NORTH COTABATO,XII,124705000
LICAB,NUEVA ECIJA,III,34914000
LICUAN-BAAY (LICUAN),ABRA,CAR,140113000
LIDLIDDA,ILOCOS SUR,I,12911000
LILA,BOHOL,VII,71227000
LILIW,LAGUNA,IV-A,43410000
LILOAN,CEBU,VII,72227000
LILOAN,SOUTHERN LEYTE,VIII,86406000
LILOY,ZAMBOANGA DEL NORTE,IX,97206000
LIMASAWA,SOUTHERN LEYTE,VIII,86419000
LIMAY,BATAAN,III,30806000
LINAMON,LANAO DEL NORTE,X,103510000
LINAPACAN,PALAWAN,IV-B,175313000
LINGIG,SURIGAO DEL SUR,XIII,166812000
LIPA CITY,BATANGAS,IV-A,41014000
LLANERA,NUEVA ECIJA,III,34915000
LLORENTE,EASTERN SAMAR,VIII,82613000
LOAY,BOHOL,VII,71228000
LOBO,BATANGAS,IV-A,41015000
LOBOC,BOHOL,VII,71229000
LOOC,OCCIDENTAL MINDORO,IV-B,175103000
LOOC,ROMBLON,IV-B,175907000
LOON,BOHOL,VII,71230000
LOPE DE VEGA,NORTHERN SAMAR,VIII,84824000
LOPEZ,QUEZON,IV-A,45622000
LOPEZ JAENA,MISAMIS OCCIDENTAL,X,104208000
LORETO,AGUSAN DEL SUR,XIII,160305000
LORETO,DINAGAT ISLANDS,XIII,168505000
LOS BAÑOS,LAGUNA,IV-A,43411000
LUBA,ABRA,CAR,140114000
LUBANG,OCCIDENTAL MINDORO,IV-B,175104000
LUBAO,PAMPANGA,III,35408000
LUBUAGAN,KALINGA,CAR,143206000
LUCBAN,QUEZON,IV-A,45623000
LUGAIT,MISAMIS ORIENTAL,X,104316000
LUGUS,SULU,ARMM,156617000
LUISIANA,LAGUNA,IV-A,43412000
LUMBA-BAYABAO (MAGUING),LANAO DEL SUR,ARMM,153611000
LUMBACA-UNAYAN,LANAO DEL SUR,ARMM,153641000
LUMBAN,LAGUNA,IV-A,43413000
LUMBATAN,LANAO DEL SUR,ARMM,153612000
LUMBAYANAGUE,LANAO DEL SUR,ARMM,153636000
LUNA,APAYAO,CAR,148105000
LUNA,ISABELA,II,23116000
LUNA,LA UNION,I,13310000
LUPAO,NUEVA ECIJA,III,34916000
LUPI,CAMARINES SUR,V,51719000
LUPON,DAVAO ORIENTAL,XI,112507000
LUTAYAN,SULTAN KUDARAT,XII,126507000
LUUK,SULU,ARMM,156604000
M'LANG,NORTH COTABATO,XII,124710000
MA-AYON,CAPIZ,VI,61907000
MAASIM,SARANGANI,XII,128004000
MAASIN,ILOILO,VI,63029000
MABALACAT,PAMPANGA,III,35409000
MABINAY,NEGROS ORIENTAL,VII,74614000
MABINI,BATANGAS,IV-A,41016000
MABINI,BOHOL,VII,71231000
MABINI,PANGASINAN,I,15523000
MABINI (DOÑA ALICIA),COMPOSTELA VALLEY,XI,118203000
MABITAC,LAGUNA,IV-A,43414000
MABUHAY,ZAMBOANGA SIBUGAY,IX,98307000
MACABEBE,PAMPANGA,III,35410000
MACALELON,QUEZON,IV-A,45625000
MACARTHUR,LEYTE,VIII,83730000
MACO,COMPOSTELA VALLEY,XI,118204000
MACONACON,ISABELA,II,23117000
MACROHON,SOUTHERN LEYTE,VIII,86408000
MADALAG,AKLAN,VI,60410000
MADALUM,LANAO DEL SUR,ARMM,153613000
MADAMBA,LANAO DEL SUR,ARMM,153614000
MADDELA,QUIRINO,II,25704000
MADRID,SURIGAO DEL SUR,XIII,166813000
MADRIDEJOS,CEBU,VII,72228000
MAGALANG,PAMPANGA,III,35411000
MAGALLANES,AGUSAN DEL NORTE,XIII,160208000
MAGALLANES,CAVITE,IV-A,42112000
MAGALLANES,SORSOGON,V,56211000
MAGARAO,CAMARINES SUR,V,51720000
MAGDALENA,LAGUNA,IV-A,43415000
MAGDIWANG,ROMBLON,IV-B,175908000
MAGPET,NORTH COTABATO,XII,124706000
MAGSAYSAY,DAVAO DEL SUR,XI,112407000
MAGSAYSAY,LANAO DEL NORTE,X,103511000
MAGSAYSAY,OCCIDENTAL MINDORO,IV-B,175105000
MAGSAYSAY,PALAWAN,IV-B,175314000
MAGSAYSAY (LINUGOS),MISAMIS ORIENTAL,X,104317000
MAGSINGAL,ILOCOS SUR,I,12912000
MAGUING,LANAO DEL SUR,ARMM,153634000
MAHAPLAG,LEYTE,VIII,83731000
MAHATAO,BATANES,II,20904000
MAHAYAG,ZAMBOANGA DEL SUR,IX,97315000
MAHINOG,CAMIGUIN,X,101803000
MAIGO,LANAO DEL NORTE,X,103512000
MAIMBUNG,SULU,ARMM,156605000
MAINIT,SURIGAO DEL NORTE,XIII,166714000
MAITUM,SARANGANI,XII,128005000
MAJAYJAY,LAGUNA,IV-A,43416000
MAKATO,AKLAN,VI,60411000
MAKILALA,NORTH COTABATO,XII,124707000
MALABANG,LANAO DEL SUR,ARMM,153615000
MALABUYOC,CEBU,VII,72229000
MALALAG,DAVAO DEL SUR,XI,112408000
MALANGAS,ZAMBOANGA SIBUGAY,IX,98308000
MALAPATAN,SARANGANI,XII,128006000
MALASIQUI,PANGASINAN,I,15524000
MALAY,AKLAN,VI,60412000
MALIBCONG,ABRA,CAR,140115000
MALILIPOT,ALBAY,V,50509000
MALIMONO,SURIGAO DEL NORTE,XIII,166715000
MALINAO,AKLAN,VI,60413000
MALINAO,ALBAY,V,50510000
MALITA,DAVAO DEL SUR,XI,112409000
MALITBOG,BUKIDNON,X,101313000
MALITBOG,SOUTHERN LEYTE,VIII,86409000
MALLIG,ISABELA,II,23119000
MALUNGON,SARANGANI,XII,128007000
MALUSO,BASILAN,ARMM,150704000
MALVAR,BATANGAS,IV-A,41017000
MAMASAPANO,MAGUINDANAO,ARMM,153820000
MAMBUSAO,CAPIZ,VI,61908000
MANABO,ABRA,CAR,140116000
MANAOAG,PANGASINAN,I,15525000
MANAPLA,NEGROS OCCIDENTAL,VI,64518000
MANAY,DAVAO ORIENTAL,XI,112508000
MANDAON,MASBATE,V,54110000
MANDAUE CITY,CEBU,VII,72230000
MANGALDAN,PANGASINAN,I,15526000
MANGATAREM,PANGASINAN,I,15527000
MANGUDADATU,MAGUINDANAO,ARMM,153832000
MANITO,ALBAY,V,50511000
MANJUYOD,NEGROS ORIENTAL,VII,74615000
MANILA CITY,METRO MANILA,NCR,133900000
MANKAYAN,BENGUET,CAR,141111000
MANOLO FORTICH,BUKIDNON,X,101314000
MANSALAY,ORIENTAL MINDORO,IV-B,175207000
MANTICAO,MISAMIS ORIENTAL,X,104318000
MANUKAN,ZAMBOANGA DEL NORTE,IX,97207000
MAPANAS,NORTHERN SAMAR,VIII,84812000
MAPANDAN,PANGASINAN,I,15528000
MARABUT,SAMAR,VIII,86010000
MARAGONDON,CAVITE,IV-A,42113000
MARAGUSAN (SAN MARIANO),COMPOSTELA VALLEY,XI,118205000
MARAMAG,BUKIDNON,X,101315000
MARANTAO,LANAO DEL SUR,ARMM,153616000
MARCOS,ILOCOS NORTE,I,12813000
MARGOSATUBIG,ZAMBOANGA DEL SUR,IX,97317000
MARIA,SIQUIJOR,VII,76104000
MARIA AURORA,AURORA,III,37707000
MARIBOJOC,BOHOL,VII,71232000
MARIHATAG,SURIGAO DEL SUR,XIII,166814000
MARILAO,BULACAN,III,31411000
MARIPIPI,BILIRAN,VIII,87807000
MARIVELES,BATAAN,III,30807000
MAROGONG,LANAO DEL SUR,ARMM,153631000
MASANTOL,PAMPANGA,III,35412000
MASBATE CITY (Capital),MASBATE,V,54111000
MASINLOC,ZAMBALES,III,37106000
MASIU,LANAO DEL SUR,ARMM,153618000
MASLOG,EASTERN SAMAR,VIII,82614000
MATAG-OB,LEYTE,VIII,83733000
MATAAS NA KAHOY,BATANGAS,IV-A,41018000
MATALAM,NORTH COTABATO,XII,124708000
MATALOM,LEYTE,VIII,83734000
MATANAO,DAVAO DEL SUR,XI,112410000
MATANOG,MAGUINDANAO,ARMM,153809000
MATI (Capital),DAVAO ORIENTAL,XI,112509000
MATNOG,SORSOGON,V,56212000
MATUGUINAO,SAMAR,VIII,86011000
MATUNGAO,LANAO DEL NORTE,X,103513000
MAUBAN,QUEZON,IV-A,45627000
MAWAB,COMPOSTELA VALLEY,XI,118206000
MAYANTOC,TARLAC,III,36908000
MAYDOLONG,EASTERN SAMAR,VIII,82615000
MAYORGA,LEYTE,VIII,83735000
MAYOYAO,IFUGAO,CAR,142706000
MEDELLIN,CEBU,VII,72231000
MEDINA,MISAMIS ORIENTAL,X,104319000
MENDEZ (MENDEZ-NUÑEZ),CAVITE,IV-A,42114000
MERCEDES,CAMARINES NORTE,V,51607000
MERCEDES,EASTERN SAMAR,VIII,82616000
MERIDA,LEYTE,VIII,83736000
MEXICO,PAMPANGA,III,35413000
MEYCAUAYAN,BULACAN,III,31412000
MIAGAO,ILOILO,VI,63030000
MIDSALIP,ZAMBOANGA DEL SUR,IX,97318000
MIDSAYAP,NORTH COTABATO,XII,124709000
MILAGROS,MASBATE,V,54112000
MILAOR,CAMARINES SUR,V,51721000
MINA,ILOILO,VI,63031000
MINALABAC,CAMARINES SUR,V,51722000
MINALIN,PAMPANGA,III,35414000
MINGLANILLA,CEBU,VII,72232000
MOALBOAL,CEBU,VII,72233000
MOBO,MASBATE,V,54113000
MOGPOG,MARINDUQUE,IV-B,174004000
MOISES PADILLA (MAGALLON),NEGROS OCCIDENTAL,VI,64519000
MOLAVE,ZAMBOANGA DEL SUR,IX,97319000
MONCADA,TARLAC,III,36909000
MONDRAGON,NORTHERN SAMAR,VIII,84813000
MONKAYO,COMPOSTELA VALLEY,XI,118207000
MONREAL,MASBATE,V,54114000
MONTEVISTA,COMPOSTELA VALLEY,XI,118208000
MORONG,BATAAN,III,30808000
MORONG,RIZAL,IV-A,45809000
MOTIONG,SAMAR,VIII,86012000
MULANAY,QUEZON,IV-A,45628000
MULONDO,LANAO DEL SUR,ARMM,153619000
MUNAI,LANAO DEL NORTE,X,103514000
MURCIA,NEGROS OCCIDENTAL,VI,64520000
MUNTINLUPA CITY,METRO MANILA,NCR,137603000
MUTIA,ZAMBOANGA DEL NORTE,IX,97208000
NAAWAN,MISAMIS ORIENTAL,X,104320000
NABAS,AKLAN,VI,60414000
NABUA,CAMARINES SUR,V,51723000
NABUNTURAN,COMPOSTELA VALLEY,XI,118209000
NAGA,CEBU,VII,72234000
NAGA,ZAMBOANGA SIBUGAY,IX,98309000
NAGA CITY,CAMARINES SUR,V,51724000
NAGBUKEL,ILOCOS SUR,I,12913000
NAGCARLAN,LAGUNA,IV-A,43417000
NAGTIPUNAN,QUIRINO,II,25706000
NAGUILIAN,ISABELA,II,23120000
NAGUILIAN,LA UNION,I,13311000
NAIC,CAVITE,IV-A,42115000
NAMPICUAN,NUEVA ECIJA,III,34918000
NARRA,PALAWAN,IV-B,175315000
NARVACAN,ILOCOS SUR,I,12914000
NASIPIT,AGUSAN DEL NORTE,XIII,160209000
NASUGBU,BATANGAS,IV-A,41019000
NATIVIDAD,PANGASINAN,I,15529000
NATONIN,MOUNTAIN PROVINCE,CAR,144405000
NAUJAN,ORIENTAL MINDORO,IV-B,175208000
NAVAL (Capital),BILIRAN,VIII,87808000
NEW BATAAN,COMPOSTELA VALLEY,XI,118210000
NEW CORELLA,DAVAO DEL NORTE,XI,112314000
NEW LUCENA,ILOILO,VI,63032000
NEW WASHINGTON,AKLAN,VI,60415000
NORALA,SOUTH COTABATO,XII,126311000
NORTHERN KABUNTALAN,MAGUINDANAO,ARMM,153834000
NORZAGARAY,BULACAN,III,31413000
NOVELETA,CAVITE,IV-A,42116000
NUEVA ERA,ILOCOS NORTE,I,12814000
NUEVA VALENCIA,GUIMARAS,VI,67903000
NUMANCIA,AKLAN,VI,60416000
NUNUNGAN,LANAO DEL NORTE,X,103515000
OAS,ALBAY,V,50512000
OBANDO,BULACAN,III,31414000
OCAMPO,CAMARINES SUR,V,51725000
ODIONGAN,ROMBLON,IV-B,175909000
OLD PANAMAO,SULU,ARMM,156607000
OLONGAPO CITY,ZAMBALES,III,37107000
OLUTANGA,ZAMBOANGA SIBUGAY,IX,98310000
OMAR,SULU,ARMM,156619000
OPOL,MISAMIS ORIENTAL,X,104321000
ORANI,BATAAN,III,30809000
ORAS,EASTERN SAMAR,VIII,82617000
ORION,BATAAN,III,30810000
ORMOC CITY,LEYTE,VIII,83738000
OROQUIETA CITY (Capital),MISAMIS OCCIDENTAL,X,104209000
OSLOB,CEBU,VII,72235000
OTON,ILOILO,VI,63034000
OZAMIS CITY,MISAMIS OCCIDENTAL,X,104210000
PADADA,DAVAO DEL SUR,XI,112411000
PADRE BURGOS,QUEZON,IV-A,45629000
PADRE BURGOS,SOUTHERN LEYTE,VIII,86410000
PADRE GARCIA,BATANGAS,IV-A,41020000
PAETE,LAGUNA,IV-A,43418000
PAGAGAWAN,MAGUINDANAO,ARMM,153822000
PAGADIAN CITY (Capital),ZAMBOANGA DEL SUR,IX,97322000
PAGALUNGAN,MAGUINDANAO,ARMM,153810000
PAGAYAWAN (TATARIKAN),LANAO DEL SUR,ARMM,153620000
PAGBILAO,QUEZON,IV-A,45630000
PAGLAT,MAGUINDANAO,ARMM,153823000
PAGSANGHAN,SAMAR,VIII,86026000
PAGSANJAN,LAGUNA,IV-A,43419000
PAGUDPUD,ILOCOS NORTE,I,12815000
PAKIL,LAGUNA,IV-A,43420000
PALANAN,ISABELA,II,23121000
PALANAS,MASBATE,V,54115000
PALAPAG,NORTHERN SAMAR,VIII,84814000
PALAUIG,ZAMBALES,III,37108000
PALIMBANG,SULTAN KUDARAT,XII,126509000
PALO,LEYTE,VIII,83739000
PALOMPON,LEYTE,VIII,83740000
PALUAN,OCCIDENTAL MINDORO,IV-B,175107000
PAMBUJAN,NORTHERN SAMAR,VIII,84815000
PAMPLONA,CAGAYAN,II,21518000
PAMPLONA,CAMARINES SUR,V,51726000
PAMPLONA,NEGROS ORIENTAL,VII,74616000
PANAON,MISAMIS OCCIDENTAL,X,104211000
PANAY,CAPIZ,VI,61909000
PANDAG,MAGUINDANAO,ARMM,153833000
PANDAMI,SULU,ARMM,156618000
PANABO CITY,DAVAO DEL NORTE,XI,112315000
PANDAN,ANTIQUE,VI,60611000
PANDAN,CATANDUANES,V,52006000
PANDI,BULACAN,III,31415000
PANGANIBAN (PAYO),CATANDUANES,V,52007000
PANGANTUCAN,BUKIDNON,X,101316000
PANGIL,LAGUNA,IV-A,43421000
PANGLAO,BOHOL,VII,71233000
PANGLIMA ESTINO (NEW PANAMAO),SULU,ARMM,156616000
PANGUTARAN,SULU,ARMM,156608000
PANIQUI,TARLAC,III,36910000
PANITAN,CAPIZ,VI,61910000
PANTABANGAN,NUEVA ECIJA,III,34920000
PANTAO RAGAT,LANAO DEL NORTE,X,103516000
PANTAR,LANAO DEL NORTE,X,103523000
PANTUKAN,COMPOSTELA VALLEY,XI,118211000
PANUKULAN,QUEZON,IV-A,45631000
PAOAY,ILOCOS NORTE,I,12816000
PAOMBONG,BULACAN,III,31416000
PARACALE,CAMARINES NORTE,V,51608000
PARACELIS,MOUNTAIN PROVINCE,CAR,144406000
PARANAS (WRIGHT),SAMAR,VIII,86022000
PARANG,MAGUINDANAO,ARMM,153811000
PARAÑAQUE CITY,METRO MANILA,NCR,137604000
PARANG,SULU,ARMM,156609000
PASACAO,CAMARINES SUR,V,51727000
PASIL,KALINGA,CAR,143208000
PASTRANA,LEYTE,VIII,83741000
PASUQUIN,ILOCOS NORTE,I,12817000
PATA,SULU,ARMM,156610000
PATEROS,METRO MANILA,NCR,137606000
PATIKUL,SULU,ARMM,156611000
PATNANUNGAN,QUEZON,IV-A,45632000
PATNONGON,ANTIQUE,VI,60612000
PAVIA,ILOILO,VI,63036000
PAYAO,ZAMBOANGA SIBUGAY,IX,98311000
PEÑABLANCA,CAGAYAN,II,21519000
PEÑARANDA,NUEVA ECIJA,III,34921000
PEÑARRUBIA,ABRA,CAR,140117000
PEREZ,QUEZON,IV-A,45633000
PIAGAPO,LANAO DEL SUR,ARMM,153621000
PIAT,CAGAYAN,II,21520000
PICONG (SULTAN GUMANDER),LANAO DEL SUR,ARMM,153635000
PIDDIG,ILOCOS NORTE,I,12818000
PIDIGAN,ABRA,CAR,140118000
PIGKAWAYAN,NORTH COTABATO,XII,124711000
PIKIT,NORTH COTABATO,XII,124712000
PILA,LAGUNA,IV-A,43422000
PILAR,ABRA,CAR,140119000
PILAR,BATAAN,III,30811000
PILAR,BOHOL,VII,71234000
PILAR,CAPIZ,VI,61911000
PILAR,CEBU,VII,72236000
PILAR,SORSOGON,V,56213000
PILAR,SURIGAO DEL NORTE,XIII,166716000
PILILLA,RIZAL,IV-A,45810000
PINABACDAO,SAMAR,VIII,86013000
PINAMALAYAN,ORIENTAL MINDORO,IV-B,175209000
PINAMUNGAHAN,CEBU,VII,72237000
PIÑAN (NEW PIÑAN),ZAMBOANGA DEL NORTE,IX,97209000
PINILI,ILOCOS NORTE,I,12819000
PINTUYAN,SOUTHERN LEYTE,VIII,86411000
PINUKPUK,KALINGA,CAR,143209000
PIO DURAN,ALBAY,V,50513000
PIO V. CORPUZ (LIMBUHAN),MASBATE,V,54116000
PITOGO,QUEZON,IV-A,45634000
PITOGO,ZAMBOANGA DEL SUR,IX,97338000
PLACER,MASBATE,V,54117000
PLACER,SURIGAO DEL NORTE,XIII,166717000
PLARIDEL,BULACAN,III,31417000
PLARIDEL,MISAMIS OCCIDENTAL,X,104212000
PLARIDEL,QUEZON,IV-A,45635000
POLA,ORIENTAL MINDORO,IV-B,175210000
POLANCO,ZAMBOANGA DEL NORTE,IX,97210000
POLANGUI,ALBAY,V,50514000
POLILLO,QUEZON,IV-A,45636000
POLOMOLOK,SOUTH COTABATO,XII,126312000
PONTEVEDRA,CAPIZ,VI,61912000
PONTEVEDRA,NEGROS OCCIDENTAL,VI,64521000
POONA BAYABAO (GATA),LANAO DEL SUR,ARMM,153622000
POONA PIAGAPO,LANAO DEL NORTE,X,103517000
PORAC,PAMPANGA,III,35415000
PORO,CEBU,VII,72238000
POTOTAN,ILOILO,VI,63037000
POZZORUBIO,PANGASINAN,I,15530000
PRES. CARLOS P. GARCIA (PITOGO),BOHOL,VII,71235000
PRES. MANUEL A. ROXAS,ZAMBOANGA DEL NORTE,IX,97211000
PRESENTACION (PARUBCAN),CAMARINES SUR,V,51729000
PRESIDENT QUIRINO,SULTAN KUDARAT,XII,126510000
PRESIDENT ROXAS,CAPIZ,VI,61913000
PRESIDENT ROXAS,NORTH COTABATO,XII,124713000
PRIETO DIAZ,SORSOGON,V,56214000
PUALAS,LANAO DEL SUR,ARMM,153623000
PUDTOL,APAYAO,CAR,148106000
PUERTO GALERA,ORIENTAL MINDORO,IV-B,175211000
PUGO,LA UNION,I,13312000
PUERTO PRINCESA CITY (Capital),PALAWAN,IV-B,175316000
PULILAN,BULACAN,III,31418000
PULUPANDAN,NEGROS OCCIDENTAL,VI,64522000
PURA,TARLAC,III,36911000
QUEZON,BUKIDNON,X,101317000
QUEZON,ISABELA,II,23122000
QUEZON,NUEVA ECIJA,III,34922000
QUEZON,NUEVA VIZCAYA,II,25011000
QUEZON,PALAWAN,IV-B,175317000
QUEZON,QUEZON,IV-A,45637000
QUEZON CITY,METRO MANILA,NCR,137404000
QUINAPONDAN,EASTERN SAMAR,VIII,82618000
QUIRINO,ISABELA,II,23123000
QUIRINO (ANGKAKI),ILOCOS SUR,I,12915000
RAGAY,CAMARINES SUR,V,51730000
RAMON,ISABELA,II,23124000
RAJA BUAYAN,MAGUINDANAO,ARMM,153829000
RAMON MAGSAYSAY (LIARGO),ZAMBOANGA DEL SUR,IX,97323000
RAMOS,TARLAC,III,36912000
RAPU-RAPU,ALBAY,V,50515000
REAL,QUEZON,IV-A,45638000
REINA MERCEDES,ISABELA,II,23125000
REMEDIOS T. ROMUALDEZ,AGUSAN DEL NORTE,XIII,160212000
RIZAL,CAGAYAN,II,21521000
RIZAL,LAGUNA,IV-A,43423000
RIZAL,NUEVA ECIJA,III,34923000
RIZAL,OCCIDENTAL MINDORO,IV-B,175108000
RIZAL,ZAMBOANGA DEL NORTE,IX,97212000
RIZAL (LIWAN),KALINGA,CAR,143211000
RIZAL (MARCOS),PALAWAN,IV-B,175323000
RODRIGUEZ (MONTALBAN),RIZAL,IV-A,45808000
RONDA,CEBU,VII,72239000
ROSALES,PANGASINAN,I,15531000
ROSARIO,AGUSAN DEL SUR,XIII,160307000
ROSARIO,BATANGAS,IV-A,41021000
ROSARIO,CAVITE,IV-A,42117000
ROSARIO,LA UNION,I,13313000
ROSARIO,NORTHERN SAMAR,VIII,84816000
ROSELLER LIM,ZAMBOANGA SIBUGAY,IX,98312000
ROXAS,ISABELA,II,23126000
ROXAS,ORIENTAL MINDORO,IV-B,175212000
ROXAS,PALAWAN,IV-B,175318000
SABANGAN,MOUNTAIN PROVINCE,CAR,144407000
SABLAN,BENGUET,CAR,141112000
SABLAYAN,OCCIDENTAL MINDORO,IV-B,175109000
SABTANG,BATANES,II,20905000
SADANGA,MOUNTAIN PROVINCE,CAR,144408000
SAGADA,MOUNTAIN PROVINCE,CAR,144409000
SAGAY,CAMIGUIN,X,101805000
SAGAY CITY,NEGROS OCCIDENTAL,VI,64523000
SAGBAYAN (BORJA),BOHOL,VII,71236000
SAGÑAY,CAMARINES SUR,V,51731000
SAGUDAY,QUIRINO,II,25705000
SAGUIARAN,LANAO DEL SUR,ARMM,153625000
SAINT BERNARD,SOUTHERN LEYTE,VIII,86412000
SALAY,MISAMIS ORIENTAL,X,104322000
SALCEDO,EASTERN SAMAR,VIII,82619000
SALCEDO (BAUGEN),ILOCOS SUR,I,12916000
SALLAPADAN,ABRA,CAR,140120000
SALUG,ZAMBOANGA DEL NORTE,IX,97213000
SALVADOR,LANAO DEL NORTE,X,103518000
SALVADOR BENEDICTO,NEGROS OCCIDENTAL,VI,64532000
SAMAL,BATAAN,III,30812000
SAMBOAN,CEBU,VII,72240000
SAMPALOC,QUEZON,IV-A,45639000
SAN AGUSTIN,ISABELA,II,23127000
SAN AGUSTIN,ROMBLON,IV-B,175911000
SAN AGUSTIN,SURIGAO DEL SUR,XIII,166815000
SAN ANDRES,QUEZON,IV-A,45640000
SAN ANDRES,ROMBLON,IV-B,175912000
SAN ANDRES (CALOLBON),CATANDUANES,V,52008000
SAN ANTONIO,NORTHERN SAMAR,VIII,84817000
SAN ANTONIO,NUEVA ECIJA,III,34924000
SAN ANTONIO,QUEZON,IV-A,45641000
SAN ANTONIO,ZAMBALES,III,37109000
SAN BENITO,SURIGAO DEL NORTE,XIII,166718000
SAN CARLOS CITY,NEGROS OCCIDENTAL,VI,64524000
SAN CARLOS CITY,PANGASINAN,I,15532000
SAN CLEMENTE,TARLAC,III,36913000
SAN DIONISIO,ILOILO,VI,63038000
SAN EMILIO,ILOCOS SUR,I,12917000
SAN ENRIQUE,ILOILO,VI,63039000
SAN ENRIQUE,NEGROS OCCIDENTAL,VI,64525000
SAN ESTEBAN,ILOCOS SUR,I,12918000
SAN FABIAN,PANGASINAN,I,15533000
SAN FELIPE,ZAMBALES,III,37110000
SAN FERNANDO,BUKIDNON,X,101318000
SAN FERNANDO,CAMARINES SUR,V,51732000
SAN FERNANDO,CEBU,VII,72241000
SAN FERNANDO,MASBATE,V,54118000
SAN FERNANDO,ROMBLON,IV-B,175913000
SAN FRANCISCO,AGUSAN DEL SUR,XIII,160308000
SAN FRANCISCO,CEBU,VII,72242000
SAN FRANCISCO,SOUTHERN LEYTE,VIII,86413000
SAN FRANCISCO (ANAO-AON),SURIGAO DEL NORTE,XIII,166719000
SAN FRANCISCO (AURORA),QUEZON,IV-A,45642000
SAN GABRIEL,LA UNION,I,13315000
SAN GUILLERMO,ISABELA,II,23128000
SAN ILDEFONSO,BULACAN,III,31419000
SAN ILDEFONSO,ILOCOS SUR,I,12919000
SAN ISIDRO,ABRA,CAR,140121000
SAN ISIDRO,BOHOL,VII,71237000
SAN ISIDRO,DAVAO DEL NORTE,XI,112324000
SAN ISIDRO,DAVAO ORIENTAL,XI,112510000
SAN ISIDRO,ISABELA,II,23129000
SAN ISIDRO,LEYTE,VIII,83742000
SAN ISIDRO,NORTHERN SAMAR,VIII,84818000
SAN ISIDRO,NUEVA ECIJA,III,34925000
SAN ISIDRO,SURIGAO DEL NORTE,XIII,166720000
SAN JACINTO,MASBATE,V,54119000
SAN JACINTO,PANGASINAN,I,15534000
SAN JOAQUIN,ILOILO,VI,63040000
SAN JORGE,SAMAR,VIII,86025000
SAN JOSE,BATANGAS,IV-A,41022000
SAN JOSE,CAMARINES SUR,V,51733000
SAN JOSE,NEGROS ORIENTAL,VII,74617000
SAN JOSE,NORTHERN SAMAR,VIII,84819000
SAN JOSE,OCCIDENTAL MINDORO,IV-B,175110000
SAN JOSE,ROMBLON,IV-B,175914000
SAN JOSE,TARLAC,III,36918000
SAN JOSE CITY,NUEVA ECIJA,III,34926000
SAN JOSE DE BUAN,SAMAR,VIII,86014000
SAN JUAN,ABRA,CAR,140122000
SAN JOSE DEL MONTE CITY,BULACAN,III,31420000
SAN JUAN,BATANGAS,IV-A,41023000
SAN JUAN,LA UNION,I,13316000
SAN JUAN,SIQUIJOR,VII,76105000
SAN JUAN (CABALIAN),SOUTHERN LEYTE,VIII,86414000
SAN JUAN (LAPOG),ILOCOS SUR,I,12920000
SAN JULIAN,EASTERN SAMAR,VIII,82620000
SAN LEONARDO,NUEVA ECIJA,III,34927000
SAN LORENZO,GUIMARAS,VI,67904000
SAN LORENZO RUIZ (IMELDA),CAMARINES NORTE,V,51604000
SAN LUIS,AGUSAN DEL SUR,XIII,160309000
SAN LUIS,AURORA,III,37708000
SAN LUIS,BATANGAS,IV-A,41024000
SAN LUIS,PAMPANGA,III,35417000
SAN MANUEL,ISABELA,II,23130000
SAN MANUEL,PANGASINAN,I,15535000
SAN MANUEL,TARLAC,III,36914000
SAN MARCELINO,ZAMBALES,III,37111000
SAN MARIANO,ISABELA,II,23131000
SAN MATEO,ISABELA,II,23132000
SAN MATEO,RIZAL,IV-A,45811000
SAN MIGUEL,BOHOL,VII,71238000
SAN MIGUEL,BULACAN,III,31421000
SAN MIGUEL,CATANDUANES,V,52009000
SAN MIGUEL,ILOILO,VI,63041000
SAN MIGUEL,LEYTE,VIII,83743000
SAN MIGUEL,SURIGAO DEL SUR,XIII,166816000
SAN MIGUEL,ZAMBOANGA DEL SUR,IX,97324000
SAN NARCISO,QUEZON,IV-A,45644000
SAN NARCISO,ZAMBALES,III,37112000
SAN NICOLAS,BATANGAS,IV-A,41025000
SAN NICOLAS,ILOCOS NORTE,I,12820000
SAN NICOLAS,PANGASINAN,I,15536000
SAN PABLO,ISABELA,II,23133000
SAN PABLO,ZAMBOANGA DEL SUR,IX,97325000
SAN PABLO CITY,LAGUNA,IV-A,43424000
SAN PASCUAL,BATANGAS,IV-A,41026000
SAN PASCUAL,MASBATE,V,54120000
SAN PEDRO,LAGUNA,IV-A,43425000
SAN POLICARPO,EASTERN SAMAR,VIII,82621000
SAN QUINTIN,ABRA,CAR,140123000
SAN QUINTIN,PANGASINAN,I,15537000
SAN RAFAEL,BULACAN,III,31422000
SAN RAFAEL,ILOILO,VI,63042000
SAN REMIGIO,ANTIQUE,VI,60614000
SAN REMIGIO,CEBU,VII,72243000
SAN RICARDO,SOUTHERN LEYTE,VIII,86415000
SAN ROQUE,NORTHERN SAMAR,VIII,84820000
SAN SEBASTIAN,SAMAR,VIII,86015000
SAN SIMON,PAMPANGA,III,35418000
SAN TEODORO,ORIENTAL MINDORO,IV-B,175213000
SAN VICENTE,CAMARINES NORTE,V,51609000
SAN VICENTE,ILOCOS SUR,I,12921000
SAN VICENTE,NORTHERN SAMAR,VIII,84821000
SAN VICENTE,PALAWAN,IV-B,175319000
SANCHEZ-MIRA,CAGAYAN,II,21522000
SANTA,ILOCOS SUR,I,12922000
SANTA ANA,CAGAYAN,II,21523000
SANTA ANA,PAMPANGA,III,35419000
SANTA BARBARA,ILOILO,VI,63043000
SANTA BARBARA,PANGASINAN,I,15538000
SANTA CATALINA,ILOCOS SUR,I,12923000
SANTA CATALINA,NEGROS ORIENTAL,VII,74618000
SANTA CRUZ,DAVAO DEL SUR,XI,112412000
SANTA CRUZ,ILOCOS SUR,I,12924000
SANTA CRUZ,MARINDUQUE,IV-B,174005000
SANTA CRUZ,OCCIDENTAL MINDORO,IV-B,175111000
SANTA CRUZ,ZAMBALES,III,37113000
SANTA ELENA,CAMARINES NORTE,V,51610000
SANTA CRUZ (Capital),LAGUNA,IV-A,43426000
SANTA FE,CEBU,VII,72244000
SANTA FE,LEYTE,VIII,83744000
SANTA FE,NUEVA VIZCAYA,II,25012000
SANTA FE,ROMBLON,IV-B,175915000
SANTA IGNACIA,TARLAC,III,36915000
SANTA JOSEFA,AGUSAN DEL SUR,XIII,160310000
SANTA LUCIA,ILOCOS SUR,I,12925000
SANTA MAGDALENA,SORSOGON,V,56215000
SANTA MARCELA,APAYAO,CAR,148107000
SANTA MARGARITA,SAMAR,VIII,86016000
SANTA MARIA,BULACAN,III,31423000
SANTA MARIA,DAVAO DEL SUR,XI,112413000
SANTA MARIA,ILOCOS SUR,I,12926000
SANTA MARIA,ISABELA,II,23134000
SANTA MARIA,LAGUNA,IV-A,43427000
SANTA MARIA,PANGASINAN,I,15539000
SANTA MARIA (IMELDA),ROMBLON,IV-B,175917000
SANTA MONICA (SAPAO),SURIGAO DEL NORTE,XIII,166721000
SANTA PRAXEDES,CAGAYAN,II,21524000
SANTA RITA,PAMPANGA,III,35420000
SANTA RITA,SAMAR,VIII,86017000
SANTA ROSA,LAGUNA,IV-A,43428000
SANTA ROSA,NUEVA ECIJA,III,34928000
SANTA TERESITA,BATANGAS,IV-A,41027000
SANTA TERESITA,CAGAYAN,II,21525000
SANTANDER,CEBU,VII,72245000
SANTIAGO,AGUSAN DEL NORTE,XIII,160210000
SANTIAGO,ILOCOS SUR,I,12927000
SANTO DOMINGO,ILOCOS SUR,I,12928000
SANTO DOMINGO,NUEVA ECIJA,III,34929000
SANTO DOMINGO (LIBOG),ALBAY,V,50516000
SANTO NIÑO,SAMAR,VIII,86018000
SANTO NIÑO,SOUTH COTABATO,XII,126318000
SANTO NIÑO (FAIRE),CAGAYAN,II,21526000
SANTO TOMAS,BATANGAS,IV-A,41028000
SANTO TOMAS,DAVAO DEL NORTE,XI,112318000
SANTO TOMAS,ISABELA,II,23136000
SANTO TOMAS,LA UNION,I,13317000
SANTO TOMAS,PAMPANGA,III,35421000
SANTO TOMAS,PANGASINAN,I,15540000
SANTOL,LA UNION,I,13318000
SAPAD,LANAO DEL NORTE,X,103519000
SAPANG DALAGA,MISAMIS OCCIDENTAL,X,104213000
SAPI-AN,CAPIZ,VI,61915000
SARA,ILOILO,VI,63044000
SARANGANI,DAVAO DEL SUR,XI,112415000
SARIAYA,QUEZON,IV-A,45645000
SARRAT,ILOCOS NORTE,I,12821000
SEBASTE,ANTIQUE,VI,60615000
SEN. NINOY AQUINO,SULTAN KUDARAT,XII,126512000
SERGIO OSMEÑA SR.,ZAMBOANGA DEL NORTE,IX,97214000
SEVILLA,BOHOL,VII,71239000
SHARIFF AGUAK (MAGANOY),MAGUINDANAO,ARMM,153808000
SHARIFF SAYDONA MUSTAPHA,MAGUINDANAO,ARMM,153837000
SIASI,SULU,ARMM,156612000
SIATON,NEGROS ORIENTAL,VII,74619000
SIAY,ZAMBOANGA SIBUGAY,IX,98313000
SIAYAN,ZAMBOANGA DEL NORTE,IX,97215000
SIBAGAT,AGUSAN DEL SUR,XIII,160314000
SIBALOM,ANTIQUE,VI,60616000
SIBONGA,CEBU,VII,72246000
SIBUCO,ZAMBOANGA DEL NORTE,IX,97216000
SIBULAN,NEGROS ORIENTAL,VII,74620000
SIBUNAG,GUIMARAS,VI,67905000
SIBUTAD,ZAMBOANGA DEL NORTE,IX,97217000
SIBUTU,TAWITAWI,ARMM,157011000
SIERRA BULLONES,BOHOL,VII,71240000
SIGAY,ILOCOS SUR,I,12929000
SIGMA,CAPIZ,VI,61916000
SIKATUNA,BOHOL,VII,71241000
SILAGO,SOUTHERN LEYTE,VIII,86416000
SILANG,CAVITE,IV-A,42118000
SILAY CITY,NEGROS OCCIDENTAL,VI,64526000
SILVINO LOBOS,NORTHERN SAMAR,VIII,84822000
SINACABAN,MISAMIS OCCIDENTAL,X,104214000
SINAIT,ILOCOS SUR,I,12930000
SINDANGAN,ZAMBOANGA DEL NORTE,IX,97218000
SINILOAN,LAGUNA,IV-A,43429000
SIOCON,ZAMBOANGA DEL NORTE,IX,97219000
SIPOCOT,CAMARINES SUR,V,51734000
SIRAWAI,ZAMBOANGA DEL NORTE,IX,97220000
SIRUMA,CAMARINES SUR,V,51735000
SISON,PANGASINAN,I,15541000
SISON,SURIGAO DEL NORTE,XIII,166722000
SOCORRO,ORIENTAL MINDORO,IV-B,175214000
SOCORRO,SURIGAO DEL NORTE,XIII,166723000
SOFRONIO ESPAÑOLA,PALAWAN,IV-B,175324000
SOGOD,CEBU,VII,72247000
SOGOD,SOUTHERN LEYTE,VIII,86417000
SOLANA,CAGAYAN,II,21527000
SOLANO,NUEVA VIZCAYA,II,25013000
SOLSONA,ILOCOS NORTE,I,12822000
SOMINOT (DON MARIANO MARCOS),ZAMBOANGA DEL SUR,IX,97340000
SOUTH UPI,MAGUINDANAO,ARMM,153817000
SUAL,PANGASINAN,I,15542000
SUBIC,ZAMBALES,III,37114000
SUDIPEN,LA UNION,I,13319000
SUGBONGCOGON,MISAMIS ORIENTAL,X,104323000
SUGPON,ILOCOS SUR,I,12931000
SULAT,EASTERN SAMAR,VIII,82622000
SULOP,DAVAO DEL SUR,XI,112414000
SULTAN DUMALONDONG,LANAO DEL SUR,ARMM,153640000
SULTAN KUDARAT (NULING),MAGUINDANAO,ARMM,153812000
SULTAN MASTURA,MAGUINDANAO,ARMM,153824000
SULTAN SA BARONGIS (LAMBAYONG),MAGUINDANAO,ARMM,153813000
SUMILAO,BUKIDNON,X,101319000
SUMISIP,BASILAN,ARMM,150705000
SURALLAH,SOUTH COTABATO,XII,126313000
SUYO,ILOCOS SUR,I,12932000
T'BOLI,SOUTH COTABATO,XII,126316000
SURIGAO CITY (Capital),SURIGAO DEL NORTE,XIII,166724000
TAAL,BATANGAS,IV-A,41029000
TABANGO,LEYTE,VIII,83745000
TABINA,ZAMBOANGA DEL SUR,IX,97327000
TABOGON,CEBU,VII,72248000
TABONTABON,LEYTE,VIII,83746000
TABUAN-LASA,BASILAN,ARMM,150713000
TABUELAN,CEBU,VII,72249000
TADIAN,MOUNTAIN PROVINCE,CAR,144410000
TAFT,EASTERN SAMAR,VIII,82623000
TAGANA-AN,SURIGAO DEL NORTE,XIII,166725000
TAGAPUL-AN,SAMAR,VIII,86024000
TAGAYTAY CITY,CAVITE,IV-A,42119000
TAGBINA,SURIGAO DEL SUR,XIII,166817000
TAGBILARAN CITY (Capital),BOHOL,VII,71242000
TAGKAWAYAN,QUEZON,IV-A,45646000
TAGO,SURIGAO DEL SUR,XIII,166818000
TAGOLOAN,LANAO DEL NORTE,X,103520000
TAGOLOAN,MISAMIS ORIENTAL,X,104324000
TAGOLOAN II,LANAO DEL SUR,ARMM,153638000
TAGUDIN,ILOCOS SUR,I,12933000
TAGUIG CITY,METRO MANILA,NCR,137607000
TALACOGON,AGUSAN DEL SUR,XIII,160311000
TALAINGOD,DAVAO DEL NORTE,XI,112322000
TALAKAG,BUKIDNON,X,101320000
TALALORA,SAMAR,VIII,86019000
TALAVERA,NUEVA ECIJA,III,34930000
TALAYAN,MAGUINDANAO,ARMM,153816000
TALIBON,BOHOL,VII,71243000
TALIPAO,SULU,ARMM,156613000
TALISAY,BATANGAS,IV-A,41030000
TALISAY,CAMARINES NORTE,V,51611000
TALISAY CITY,CEBU,VII,72250000
TALISAYAN,MISAMIS ORIENTAL,X,104325000
TALITAY,MAGUINDANAO,ARMM,153821000
TALUGTUG,NUEVA ECIJA,III,34931000
TALUSAN,ZAMBOANGA SIBUGAY,IX,98314000
TAMBULIG,ZAMBOANGA DEL SUR,IX,97328000
TAMPAKAN,SOUTH COTABATO,XII,126314000
TAMPARAN,LANAO DEL SUR,ARMM,153626000
TAMPILISAN,ZAMBOANGA DEL NORTE,IX,97221000
TANAUAN,LEYTE,VIII,83748000
TANAY,RIZAL,IV-A,45812000
TANDUBAS,TAWITAWI,ARMM,157007000
TANDAG (Capital),SURIGAO DEL SUR,XIII,166819000
TANGALAN,AKLAN,VI,60417000
TANGCAL,LANAO DEL NORTE,X,103521000
TANGUB CITY,MISAMIS OCCIDENTAL,X,104215000
TANTANGAN,SOUTH COTABATO,XII,126315000
TANUDAN,KALINGA,CAR,143214000
TANZA,CAVITE,IV-A,42120000
TAPAZ,CAPIZ,VI,61917000
TAPUL,SULU,ARMM,156614000
TARAKA,LANAO DEL SUR,ARMM,153627000
TARANGNAN,SAMAR,VIII,86020000
TARRAGONA,DAVAO ORIENTAL,XI,112511000
TAYABAS,QUEZON,IV-A,45647000
TAYASAN,NEGROS ORIENTAL,VII,74622000
TAYSAN,BATANGAS,IV-A,41032000
TAYTAY,PALAWAN,IV-B,175320000
TAYTAY,RIZAL,IV-A,45813000
TAYUG,PANGASINAN,I,15543000
TAYUM,ABRA,CAR,140124000
TERESA,RIZAL,IV-A,45814000
TERNATE,CAVITE,IV-A,42121000
TIAONG,QUEZON,IV-A,45648000
TIBIAO,ANTIQUE,VI,60617000
TIGAON,CAMARINES SUR,V,51736000
TIGBAO,ZAMBOANGA DEL SUR,IX,97344000
TIGBAUAN,ILOILO,VI,63045000
TINAMBAC,CAMARINES SUR,V,51737000
TINEG,ABRA,CAR,140125000
TINGLAYAN,KALINGA,CAR,143215000
TINGLOY,BATANGAS,IV-A,41033000
TINOC,IFUGAO,CAR,142710000
TIPO-TIPO,BASILAN,ARMM,150706000
TITAY,ZAMBOANGA SIBUGAY,IX,98315000
TIWI,ALBAY,V,50518000
TOBIAS FORNIER (DAO),ANTIQUE,VI,60607000
TOBOSO,NEGROS OCCIDENTAL,VI,64529000
TOLEDO CITY,CEBU,VII,72251000
TOLOSA,LEYTE,VIII,83749000
TOMAS OPPUS,SOUTHERN LEYTE,VIII,86418000
TONGKIL,SULU,ARMM,156615000
TORRIJOS,MARINDUQUE,IV-B,174006000
TRENTO,AGUSAN DEL SUR,XIII,160312000
TRINIDAD,BOHOL,VII,71244000
TRECE MARTIRES CITY (Capital),CAVITE,IV-A,42122000
TUAO,CAGAYAN,II,21528000
TUBA,BENGUET,CAR,141113000
TUBAJON,DINAGAT ISLANDS,XIII,168507000
TUBAO,LA UNION,I,13320000
TUBARAN,LANAO DEL SUR,ARMM,153628000
TUBAY,AGUSAN DEL NORTE,XIII,160211000
TUBIGON,BOHOL,VII,71245000
TUBLAY,BENGUET,CAR,141114000
TUBO,ABRA,CAR,140126000
TUBOD,SURIGAO DEL NORTE,XIII,166727000
TUBUNGAN,ILOILO,VI,63046000
TUBURAN,BASILAN,ARMM,150707000
TUBURAN,CEBU,VII,72252000
TUDELA,CEBU,VII,72253000
TUDELA,MISAMIS OCCIDENTAL,X,104216000
TUGAYA,LANAO DEL SUR,ARMM,153629000
TUGUEGARAO CITY (Capital),CAGAYAN,II,21529000
TUKURAN,ZAMBOANGA DEL SUR,IX,97330000
TULUNAN,NORTH COTABATO,XII,124714000
TUMAUINI,ISABELA,II,23137000
TUNGA,LEYTE,VIII,83750000
TUNGAWAN,ZAMBOANGA SIBUGAY,IX,98316000
TUPI,SOUTH COTABATO,XII,126317000
TUY,BATANGAS,IV-A,41034000
UBAY,BOHOL,VII,71246000
UMINGAN,PANGASINAN,I,15544000
UNGKAYA PUKAN,BASILAN,ARMM,150711000
UNISAN,QUEZON,IV-A,45649000
UPI,MAGUINDANAO,ARMM,153815000
URBIZTONDO,PANGASINAN,I,15545000
USON,MASBATE,V,54121000
UYUGAN,BATANES,II,20906000
VALDERRAMA,ANTIQUE,VI,60618000
VALENCIA,BOHOL,VII,71247000
VALENCIA (LUZURRIAGA),NEGROS ORIENTAL,VII,74623000
VALLADOLID,NEGROS OCCIDENTAL,VI,64530000
VALLEHERMOSO,NEGROS ORIENTAL,VII,74624000
VERUELA,AGUSAN DEL SUR,XIII,160313000
VICTORIA,LAGUNA,IV-A,43430000
VALENZUELA CITY,METRO MANILA,NCR,137504000
VICTORIA,NORTHERN SAMAR,VIII,84823000
VICTORIA,ORIENTAL MINDORO,IV-B,175215000
VICTORIA,TARLAC,III,36917000
VIGA,CATANDUANES,V,52010000
VILLABA,LEYTE,VIII,83751000
VILLANUEVA,MISAMIS ORIENTAL,X,104326000
VILLAREAL,SAMAR,VIII,86021000
VILLASIS,PANGASINAN,I,15547000
VILLAVERDE,NUEVA VIZCAYA,II,25014000
VILLAVICIOSA,ABRA,CAR,140127000
VINCENZO A. SAGUN,ZAMBOANGA DEL SUR,IX,97341000
VINTAR,ILOCOS NORTE,I,12823000
VINZONS,CAMARINES NORTE,V,51612000
WAO,LANAO DEL SUR,ARMM,153630000
ZAMBOANGA CITY,ZAMBOANGA DEL SUR,IX,97332000
ZAMBOANGUITA,NEGROS ORIENTAL,VII,74625000
ZARAGOZA,NUEVA ECIJA,III,34932000
ZARRAGA,ILOILO,VI,63047000
ZUMARRAGA,SAMAR,VIII,86023000
PROSPERIDAD (Capital),AGUSAN DEL SUR,XIII,160306000
ANTIPOLO CITY,RIZAL,IV-A,45802000
BATAC CITY,ILOCOS NORTE,I,12805000
CALAPAN CITY (Capital),ORIENTAL MINDORO,IV-B,175205000
CANDON CITY,ILOCOS SUR,I,12906000
URDANETA CITY,PANGASINAN,I,15546000
DIPOLOG CITY (Capital),ZAMBOANGA DEL NORTE,IX,97202000
ILAGAN (Capital),ISABELA,II,23114000
SANTIAGO CITY,ISABELA,II,23135000
CALAMBA CITY,LAGUNA,IV-A,43405000
CAUAYAN CITY,ISABELA,II,23108000
KABANKALAN CITY,NEGROS OCCIDENTAL,VI,64515000
GAPAN CITY,NUEVA ECIJA,III,34908000
MUÑOZ SCIENCE CITY,NUEVA ECIJA,III,34917000
SASMUAN (Sexmoan),PAMPANGA,III,35422000
TANAUAN CITY,BATANGAS,IV-A,41031000
LIGAO CITY,ALBAY,V,50508000
TALISAY CITY,NEGROS OCCIDENTAL,VI,64528000
TABACO CITY,ALBAY,V,50517000
SIMUNUL,TAWITAWI,ARMM,157004000
PASSI CITY,ILOILO,VI,63035000
SIPALAY CITY,NEGROS OCCIDENTAL,VI,64527000
HIMAMAYLAN CITY,NEGROS OCCIDENTAL,VI,64510000
VICTORIAS CITY,NEGROS OCCIDENTAL,VI,64531000
JORDAN,GUIMARAS,VI,67902000
CORDOVA,CEBU,VII,72220000
TANJAY CITY,NEGROS ORIENTAL,VII,74621000
LAMITAN CITY,BASILAN,ARMM,150702000
TABUK (Capital),KALINGA,CAR,143213000
IPIL,ZAMBOANGA SIBUGAY,IX,98305000
SAN JOSE,DINAGAT ISLANDS,XIII,168506000
VALENCIA CITY,BUKIDNON,X,101321000
SULTAN NAGA DIMAPORO,LANAO DEL NORTE,X,103506000
TACURONG CITY,SULTAN KUDARAT,XII,126511000
COTABATO CITY,NORTH COTABATO,XII,129804000
MARAWI CITY,LANAO DEL SUR,ARMM,153617000
BISLIG CITY,SURIGAO DEL SUR,XIII,166803000
MAPUN (CAGAYAN DE TAWI-TAWI),TAWITAWI,ARMM,157003000
PANGLIMA SUGALA (BALIMBING),TAWITAWI,ARMM,157001000
LANGUYAN,TAWITAWI,ARMM,157009000
SAPA-SAPA,TAWITAWI,ARMM,157010000
SITANGKAI,TAWITAWI,ARMM,157005000
SAN JUAN CITY,METRO MANILA,NCR,137405000
SOUTH UBIAN,TAWITAWI,ARMM,157006000
TURTLE ISLANDS,TAWITAWI,ARMM,157008000
PASIG CITY,METRO MANILA,NCR,137403000
PASAY CITY,METRO MANILA,NCR,137605000
NAVOTAS CITY,METRO MANILA,NCR,137503000
MARIKINA CITY,METRO MANILA,NCR,137402000
MANDALUYONG CITY,METRO MANILA,NCR,137401000
ALABEL (Capital),SARANGANI,XII,128001000
MALABON CITY,METRO MANILA,NCR,137502000
MAKATI CITY,METRO MANILA,NCR,137602000
LAS PIÑAS CITY,METRO MANILA,NCR,137601000
BANGUED (Capital),ABRA,CAR,140101000
BASCO (Capital),BATANES,II,20901000
BOAC (Capital),MARINDUQUE,IV-B,174001000
BUTUAN CITY (Capital),AGUSAN DEL NORTE,XIII,160202000
CATARMAN (Capital),NORTHERN SAMAR,VIII,84805000
ISULAN (Capital),SULTAN KUDARAT,XII,126504000
JOLO (Capital),SULU,ARMM,156602000
CEBU CITY (Capital),CEBU,VII,72217000
DAET (Capital),CAMARINES NORTE,V,51603000
ILOILO CITY (Capital),ILOILO,VI,63022000
KALIBO (Capital),AKLAN,VI,60407000
KORONADAL CITY (Capital),SOUTH COTABATO,XII,126306000
LAOAG CITY (Capital),ILOCOS NORTE,I,12812000
LEGAZPI CITY (Capital),ALBAY,V,50506000
LINGAYEN (Capital),PANGASINAN,I,15522000
MAMBAJAO (Capital),CAMIGUIN,X,101804000
LUCENA CITY (Capital),QUEZON,IV-A,45624000
MAASIN CITY (Capital),SOUTHERN LEYTE,VIII,86407000
MALAYBALAY CITY (Capital),BUKIDNON,X,101312000
MAMBURAO (Capital),OCCIDENTAL MINDORO,IV-B,175106000
PALAYAN CITY (Capital),NUEVA ECIJA,III,34919000
PILI (Capital),CAMARINES SUR,V,51728000
ROMBLON (Capital),ROMBLON,IV-B,175910000
ROXAS CITY (Capital),CAPIZ,VI,61914000
SAN FERNANDO CITY (Capital),LA UNION,I,13314000
TUBOD (Capital),LANAO DEL NORTE,X,103522000
SAN FERNANDO CITY (Capital),PAMPANGA,III,35416000
VIGAN CITY (Capital),ILOCOS SUR,I,12934000
SAN JOSE (Capital),ANTIQUE,VI,60613000
SIQUIJOR (Capital),SIQUIJOR,VII,76106000
SORSOGON CITY (Capital),SORSOGON,V,56216000
TACLOBAN CITY (Capital),LEYTE,VIII,83747000
VIRAC (Capital),CATANDUANES,V,52011000
TAGUM CITY (Capital),DAVAO DEL NORTE,XI,112319000
BALANGA CITY(Capital),BATAAN,III,30803000
TARLAC CITY (Capital),TARLAC,III,36916000
MALOLOS (Capital),BULACAN,III,31410000
CATBALOGAN (Capital),SAMAR,VIII,86005000
BACUNGAN (Leon T. Postigo),ZAMBOANGA DEL NORTE,IX,97226000
BORONGAN (Capital),EASTERN SAMAR,VIII,82604000
BONGAO,TAWITAWI,ARMM,157002000
